<?xml version="1.0" encoding="utf-8"?>
<INDV-REPORT-FILE>
	<INDV-REPORTS>
		<INDV-REPORT>
			<HEADER>
				<DATE-OF-REQUEST>07-06-2019 05:52:57</DATE-OF-REQUEST>
				<PREPARED-FOR>FICCL GOUPWARDS</PREPARED-FOR>
				<PREPARED-FOR-ID>NBF0002574</PREPARED-FOR-ID>
				<DATE-OF-ISSUE>07-06-2019</DATE-OF-ISSUE>
				<BATCH-ID>370554298190607</BATCH-ID>
				<REPORT-ID>FICC190607CR504430690</REPORT-ID>
			</HEADER>
			<STATUS-DETAILS>
				<STATUS>
					<OPTION>CNS-SCORE</OPTION>
					<OPTION-STATUS>SUCCESS</OPTION-STATUS>
					<ERRORS></ERRORS>
				</STATUS>
				<STATUS>
					<OPTION>MFI-INDV</OPTION>
					<OPTION-STATUS>NO RESPONSE FOUND</OPTION-STATUS>
					<ERRORS>
						<ERROR></ERROR>
					</ERRORS>
				</STATUS>
				<STATUS>
					<OPTION>MFI-GRP</OPTION>
					<OPTION-STATUS>NO RESPONSE FOUND</OPTION-STATUS>
					<ERRORS>
						<ERROR></ERROR>
					</ERRORS>
				</STATUS>
				<STATUS>
					<OPTION>CNS_INDV</OPTION>
					<OPTION-STATUS>SUCCESS</OPTION-STATUS>
					<ERRORS></ERRORS>
				</STATUS>
				<STATUS>
					<OPTION>INQUIRY-HISTORY</OPTION>
					<OPTION-STATUS>SUCCESS</OPTION-STATUS>
					<ERRORS></ERRORS>
				</STATUS>
			</STATUS-DETAILS>
			<SECONDARY-MATCHES></SECONDARY-MATCHES>
			<ACCOUNTS-SUMMARY>
				<DERIVED-ATTRIBUTES>
					<INQUIRIES-IN-LAST-SIX-MONTHS>9</INQUIRIES-IN-LAST-SIX-MONTHS>
					<LENGTH-OF-CREDIT-HISTORY-YEAR>8</LENGTH-OF-CREDIT-HISTORY-YEAR>
					<LENGTH-OF-CREDIT-HISTORY-MONTH>8</LENGTH-OF-CREDIT-HISTORY-MONTH>
					<AVERAGE-ACCOUNT-AGE-YEAR>1</AVERAGE-ACCOUNT-AGE-YEAR>
					<AVERAGE-ACCOUNT-AGE-MONTH>8</AVERAGE-ACCOUNT-AGE-MONTH>
					<NEW-ACCOUNTS-IN-LAST-SIX-MONTHS>3</NEW-ACCOUNTS-IN-LAST-SIX-MONTHS>
					<NEW-DELINQ-ACCOUNT-IN-LAST-SIX-MONTHS>0</NEW-DELINQ-ACCOUNT-IN-LAST-SIX-MONTHS>
				</DERIVED-ATTRIBUTES>
				<PRIMARY-ACCOUNTS-SUMMARY>
					<PRIMARY-NUMBER-OF-ACCOUNTS>37</PRIMARY-NUMBER-OF-ACCOUNTS>
					<PRIMARY-ACTIVE-NUMBER-OF-ACCOUNTS>16</PRIMARY-ACTIVE-NUMBER-OF-ACCOUNTS>
					<PRIMARY-OVERDUE-NUMBER-OF-ACCOUNTS>1</PRIMARY-OVERDUE-NUMBER-OF-ACCOUNTS>
					<PRIMARY-SECURED-NUMBER-OF-ACCOUNTS>0</PRIMARY-SECURED-NUMBER-OF-ACCOUNTS>
					<PRIMARY-UNSECURED-NUMBER-OF-ACCOUNTS>0</PRIMARY-UNSECURED-NUMBER-OF-ACCOUNTS>
					<PRIMARY-UNTAGGED-NUMBER-OF-ACCOUNTS>0</PRIMARY-UNTAGGED-NUMBER-OF-ACCOUNTS>
					<PRIMARY-CURRENT-BALANCE>3558330</PRIMARY-CURRENT-BALANCE>
					<PRIMARY-SANCTIONED-AMOUNT>4429397</PRIMARY-SANCTIONED-AMOUNT>
					<PRIMARY-DISBURSED-AMOUNT>4429397</PRIMARY-DISBURSED-AMOUNT>
				</PRIMARY-ACCOUNTS-SUMMARY>
				<SECONDARY-ACCOUNTS-SUMMARY>
					<SECONDARY-NUMBER-OF-ACCOUNTS>0</SECONDARY-NUMBER-OF-ACCOUNTS>
					<SECONDARY-ACTIVE-NUMBER-OF-ACCOUNTS>0</SECONDARY-ACTIVE-NUMBER-OF-ACCOUNTS>
					<SECONDARY-OVERDUE-NUMBER-OF-ACCOUNTS>0</SECONDARY-OVERDUE-NUMBER-OF-ACCOUNTS>
					<SECONDARY-SECURED-NUMBER-OF-ACCOUNTS>0</SECONDARY-SECURED-NUMBER-OF-ACCOUNTS>
					<SECONDARY-UNSECURED-NUMBER-OF-ACCOUNTS>0</SECONDARY-UNSECURED-NUMBER-OF-ACCOUNTS>
					<SECONDARY-UNTAGGED-NUMBER-OF-ACCOUNTS>0</SECONDARY-UNTAGGED-NUMBER-OF-ACCOUNTS>
					<SECONDARY-CURRENT-BALANCE>0</SECONDARY-CURRENT-BALANCE>
					<SECONDARY-SANCTIONED-AMOUNT>0</SECONDARY-SANCTIONED-AMOUNT>
					<SECONDARY-DISBURSED-AMOUNT>0</SECONDARY-DISBURSED-AMOUNT>
				</SECONDARY-ACCOUNTS-SUMMARY>
			</ACCOUNTS-SUMMARY>
			<ALERTS>
				<ALERT>
					<ALERT-DESC>NO</ALERT-DESC>
				</ALERT>
			</ALERTS>
			<SCORES>
				<SCORE>
					<SCORE-TYPE>PERFORM-Consumer</SCORE-TYPE>
					<SCORE-VALUE>721</SCORE-VALUE>
					<SCORE-COMMENTS>E-Low Risk</SCORE-COMMENTS>
				</SCORE>
			</SCORES>
			<INQUIRY-HISTORY>
				<HISTORY>
					<MEMBER-NAME>XXXX</MEMBER-NAME>
					<INQUIRY-DATE>26-10-2017</INQUIRY-DATE>
					<PURPOSE>Other</PURPOSE>
					<AMOUNT>0</AMOUNT>
					<REMARK></REMARK>
				</HISTORY>
				<HISTORY>
					<MEMBER-NAME>XXXX</MEMBER-NAME>
					<INQUIRY-DATE>25-02-2019</INQUIRY-DATE>
					<PURPOSE>OTHER</PURPOSE>
					<AMOUNT>1,000</AMOUNT>
					<REMARK></REMARK>
				</HISTORY>
				<HISTORY>
					<MEMBER-NAME>XXXX</MEMBER-NAME>
					<INQUIRY-DATE>22-02-2019</INQUIRY-DATE>
					<PURPOSE>OTHER</PURPOSE>
					<AMOUNT>2,00,000</AMOUNT>
					<REMARK></REMARK>
				</HISTORY>
				<HISTORY>
					<MEMBER-NAME>XXXX</MEMBER-NAME>
					<INQUIRY-DATE>01-12-2017</INQUIRY-DATE>
					<PURPOSE>Other</PURPOSE>
					<AMOUNT>0</AMOUNT>
					<REMARK></REMARK>
				</HISTORY>
				<HISTORY>
					<MEMBER-NAME>XXXX</MEMBER-NAME>
					<INQUIRY-DATE>23-05-2018</INQUIRY-DATE>
					<PURPOSE>Working Capital Loans</PURPOSE>
					<AMOUNT>3,35,000</AMOUNT>
					<REMARK></REMARK>
				</HISTORY>
				<HISTORY>
					<MEMBER-NAME>XXXX</MEMBER-NAME>
					<INQUIRY-DATE>03-07-2018</INQUIRY-DATE>
					<PURPOSE>Other</PURPOSE>
					<AMOUNT>0</AMOUNT>
					<REMARK></REMARK>
				</HISTORY>
				<HISTORY>
					<MEMBER-NAME>XXXX</MEMBER-NAME>
					<INQUIRY-DATE>11-04-2018</INQUIRY-DATE>
					<PURPOSE>Other</PURPOSE>
					<AMOUNT>0</AMOUNT>
					<REMARK></REMARK>
				</HISTORY>
				<HISTORY>
					<MEMBER-NAME>XXXX</MEMBER-NAME>
					<INQUIRY-DATE>17-10-2017</INQUIRY-DATE>
					<PURPOSE>Other</PURPOSE>
					<AMOUNT>1</AMOUNT>
					<REMARK></REMARK>
				</HISTORY>
				<HISTORY>
					<MEMBER-NAME>XXXX</MEMBER-NAME>
					<INQUIRY-DATE>26-10-2017</INQUIRY-DATE>
					<PURPOSE>Working Capital Loans</PURPOSE>
					<AMOUNT>3,35,000</AMOUNT>
					<REMARK></REMARK>
				</HISTORY>
			</INQUIRY-HISTORY>
			<RESPONSES>
				<RESPONSE>
					<LOAN-DETAILS>
						<ACCT-NUMBER>XXXX</ACCT-NUMBER>
						<CREDIT-GUARANTOR>XXXX</CREDIT-GUARANTOR>
						<ACCT-TYPE>Personal Loan</ACCT-TYPE>
						<DATE-REPORTED>31-03-2019</DATE-REPORTED>
						<OWNERSHIP-IND>Individual</OWNERSHIP-IND>
						<ACCOUNT-STATUS>Closed</ACCOUNT-STATUS>
						<DISBURSED-AMT>8,24,000</DISBURSED-AMT>
						<DISBURSED-DATE>05-03-2014</DISBURSED-DATE>
						<LAST-PAYMENT-DATE>05-03-2019</LAST-PAYMENT-DATE>
						<CLOSED-DATE>05-03-2019</CLOSED-DATE>
						<OVERDUE-AMT>0</OVERDUE-AMT>
						<WRITE-OFF-AMT>0</WRITE-OFF-AMT>
						<CURRENT-BAL>0</CURRENT-BAL>
						<SECURITY-STATUS>Un-secured</SECURITY-STATUS>
						<COMBINED-PAYMENT-HISTORY>Mar:2019,000/STD|Feb:2019,000/STD|Jan:2019,000/STD|Dec:2018,000/STD|Nov:2018,000/STD|Oct:2018,000/STD|Sep:2018,000/STD|Aug:2018,000/STD|Jul:2018,000/STD|Jun:2018,000/STD|May:2018,000/STD|Apr:2018,000/STD|Mar:2018,000/STD|Feb:2018,000/STD|Jan:2018,000/STD|Dec:2017,000/STD|Nov:2017,000/STD|Oct:2017,000/STD|Sep:2017,000/STD|Aug:2017,000/STD|Jul:2017,000/STD|Jun:2017,000/STD|May:2017,000/STD|Apr:2017,000/STD|Mar:2017,000/STD|Feb:2017,000/STD|Jan:2017,000/STD|Dec:2016,000/STD|Nov:2016,000/STD|Oct:2016,000/STD|Sep:2016,000/STD|Aug:2016,000/STD|Jul:2016,000/STD|Jun:2016,000/STD|May:2016,000/STD|Apr:2016,000/STD|</COMBINED-PAYMENT-HISTORY>
						<MATCHED-TYPE>PRIMARY</MATCHED-TYPE>
						<ACTUAL-PAYMENT>19,280</ACTUAL-PAYMENT>
						<SECURITY-DETAILS>
							<SECURITY-DETAIL>
								<SECURITY-TYPE></SECURITY-TYPE>
								<OWNER-NAME></OWNER-NAME>
								<SECURITY-VALUE>0</SECURITY-VALUE>
								<DATE-OF-VALUE></DATE-OF-VALUE>
								<SECURITY-CHARGE></SECURITY-CHARGE>
								<PROPERTY-ADDRESS></PROPERTY-ADDRESS>
								<AUTOMOBILE-TYPE></AUTOMOBILE-TYPE>
								<YEAR-OF-MANUFACTURE></YEAR-OF-MANUFACTURE>
								<REGISTRATION-NUMBER></REGISTRATION-NUMBER>
								<ENGINE-NUMBER></ENGINE-NUMBER>
								<CHASSIS-NUMBER></CHASSIS-NUMBER>
							</SECURITY-DETAIL>
						</SECURITY-DETAILS>
						<LINKED-ACCOUNTS></LINKED-ACCOUNTS>
					</LOAN-DETAILS>
				</RESPONSE>
				<RESPONSE>
					<LOAN-DETAILS>
						<ACCT-NUMBER>XXXX</ACCT-NUMBER>
						<CREDIT-GUARANTOR>XXXX</CREDIT-GUARANTOR>
						<ACCT-TYPE>Personal Loan</ACCT-TYPE>
						<DATE-REPORTED>31-03-2018</DATE-REPORTED>
						<OWNERSHIP-IND>Individual</OWNERSHIP-IND>
						<ACCOUNT-STATUS>Closed</ACCOUNT-STATUS>
						<DISBURSED-AMT>1,00,000</DISBURSED-AMT>
						<DISBURSED-DATE>05-04-2017</DISBURSED-DATE>
						<LAST-PAYMENT-DATE>29-06-2017</LAST-PAYMENT-DATE>
						<CLOSED-DATE>29-06-2017</CLOSED-DATE>
						<OVERDUE-AMT>0</OVERDUE-AMT>
						<WRITE-OFF-AMT>0</WRITE-OFF-AMT>
						<CURRENT-BAL>0</CURRENT-BAL>
						<SECURITY-STATUS>Un-secured</SECURITY-STATUS>
						<COMBINED-PAYMENT-HISTORY>Jun:2017,000/XXX|May:2017,000/XXX|Apr:2017,000/XXX|</COMBINED-PAYMENT-HISTORY>
						<MATCHED-TYPE>PRIMARY</MATCHED-TYPE>
						<SECURITY-DETAILS></SECURITY-DETAILS>
						<LINKED-ACCOUNTS></LINKED-ACCOUNTS>
					</LOAN-DETAILS>
				</RESPONSE>
				<RESPONSE>
					<LOAN-DETAILS>
						<ACCT-NUMBER>XXXX</ACCT-NUMBER>
						<CREDIT-GUARANTOR>XXXX</CREDIT-GUARANTOR>
						<ACCT-TYPE>Credit Card</ACCT-TYPE>
						<DATE-REPORTED>31-05-2019</DATE-REPORTED>
						<OWNERSHIP-IND>Individual</OWNERSHIP-IND>
						<ACCOUNT-STATUS>Active</ACCOUNT-STATUS>
						<DISBURSED-AMT>1,27,341</DISBURSED-AMT>
						<DISBURSED-DATE>15-06-2018</DISBURSED-DATE>
						<LAST-PAYMENT-DATE>21-05-2019</LAST-PAYMENT-DATE>
						<WRITE-OFF-AMT>0</WRITE-OFF-AMT>
						<CURRENT-BAL>1,02,983</CURRENT-BAL>
						<SECURITY-STATUS>Un-secured</SECURITY-STATUS>
						<COMBINED-PAYMENT-HISTORY>May:2019,000/XXX|Apr:2019,000/XXX|Mar:2019,000/XXX|Feb:2019,000/XXX|Jan:2019,000/XXX|Dec:2018,000/XXX|Nov:2018,000/XXX|Oct:2018,000/XXX|Sep:2018,000/XXX|Aug:2018,000/XXX|Jul:2018,000/XXX|Jun:2018,000/XXX|</COMBINED-PAYMENT-HISTORY>
						<MATCHED-TYPE>PRIMARY</MATCHED-TYPE>
						<SECURITY-DETAILS></SECURITY-DETAILS>
						<LINKED-ACCOUNTS>
							<ACCOUNT-DETAILS>
								<ACCT-NUMBER>XXXX</ACCT-NUMBER>
								<CREDIT-GUARANTOR>XXXX</CREDIT-GUARANTOR>
								<ACCT-TYPE>Credit Card</ACCT-TYPE>
								<DATE-REPORTED>30-11-2018</DATE-REPORTED>
								<OWNERSHIP-IND>Individual</OWNERSHIP-IND>
								<ACCOUNT-STATUS>Active</ACCOUNT-STATUS>
								<DISBURSED-AMT>89,258</DISBURSED-AMT>
								<DISBURSED-DATE>15-06-2018</DISBURSED-DATE>
								<LAST-PAYMENT-DATE>23-10-2018</LAST-PAYMENT-DATE>
								<CURRENT-BAL>0</CURRENT-BAL>
								<SECURITY-DETAILS></SECURITY-DETAILS>
							</ACCOUNT-DETAILS>
						</LINKED-ACCOUNTS>
					</LOAN-DETAILS>
				</RESPONSE>
				<RESPONSE>
					<LOAN-DETAILS>
						<ACCT-NUMBER>XXXX</ACCT-NUMBER>
						<CREDIT-GUARANTOR>XXXX</CREDIT-GUARANTOR>
						<ACCT-TYPE>Personal Loan</ACCT-TYPE>
						<DATE-REPORTED>30-04-2019</DATE-REPORTED>
						<OWNERSHIP-IND>Individual</OWNERSHIP-IND>
						<ACCOUNT-STATUS>Active</ACCOUNT-STATUS>
						<DISBURSED-AMT>9,00,000</DISBURSED-AMT>
						<DISBURSED-DATE>20-07-2018</DISBURSED-DATE>
						<LAST-PAYMENT-DATE>03-04-2019</LAST-PAYMENT-DATE>
						<OVERDUE-AMT>0</OVERDUE-AMT>
						<WRITE-OFF-AMT>0</WRITE-OFF-AMT>
						<CURRENT-BAL>8,17,536</CURRENT-BAL>
						<SECURITY-STATUS>Un-secured</SECURITY-STATUS>
						<COMBINED-PAYMENT-HISTORY>Apr:2019,000/STD|Mar:2019,DDD/DDD|Feb:2019,000/STD|Jan:2019,000/STD|Dec:2018,DDD/DDD|Nov:2018,000/STD|Oct:2018,000/STD|Sep:2018,000/STD|Aug:2018,XXX/XXX|</COMBINED-PAYMENT-HISTORY>
						<MATCHED-TYPE>PRIMARY</MATCHED-TYPE>
						<SECURITY-DETAILS></SECURITY-DETAILS>
						<LINKED-ACCOUNTS></LINKED-ACCOUNTS>
					</LOAN-DETAILS>
				</RESPONSE>
				<RESPONSE>
					<LOAN-DETAILS>
						<ACCT-NUMBER>XXXX</ACCT-NUMBER>
						<CREDIT-GUARANTOR>XXXX</CREDIT-GUARANTOR>
						<ACCT-TYPE>Consumer Loan</ACCT-TYPE>
						<DATE-REPORTED>30-11-2014</DATE-REPORTED>
						<OWNERSHIP-IND>Individual</OWNERSHIP-IND>
						<ACCOUNT-STATUS>Closed</ACCOUNT-STATUS>
						<DISBURSED-AMT>1,30,405</DISBURSED-AMT>
						<DISBURSED-DATE>10-07-2013</DISBURSED-DATE>
						<LAST-PAYMENT-DATE>14-02-2014</LAST-PAYMENT-DATE>
						<CLOSED-DATE>17-02-2014</CLOSED-DATE>
						<OVERDUE-AMT>0</OVERDUE-AMT>
						<WRITE-OFF-AMT>0</WRITE-OFF-AMT>
						<CURRENT-BAL>0</CURRENT-BAL>
						<SECURITY-STATUS>Un-secured</SECURITY-STATUS>
						<COMBINED-PAYMENT-HISTORY>Jan:2014,XXX/XXX|Dec:2013,XXX/XXX|Nov:2013,XXX/XXX|Oct:2013,XXX/XXX|Sep:2013,XXX/XXX|Aug:2013,XXX/XXX|</COMBINED-PAYMENT-HISTORY>
						<MATCHED-TYPE>PRIMARY</MATCHED-TYPE>
						<SECURITY-DETAILS></SECURITY-DETAILS>
						<LINKED-ACCOUNTS></LINKED-ACCOUNTS>
					</LOAN-DETAILS>
				</RESPONSE>
				<RESPONSE>
					<LOAN-DETAILS>
						<ACCT-NUMBER>XXXX</ACCT-NUMBER>
						<CREDIT-GUARANTOR>XXXX</CREDIT-GUARANTOR>
						<ACCT-TYPE>Consumer Loan</ACCT-TYPE>
						<DATE-REPORTED>30-04-2019</DATE-REPORTED>
						<OWNERSHIP-IND>Individual</OWNERSHIP-IND>
						<ACCOUNT-STATUS>Closed</ACCOUNT-STATUS>
						<DISBURSED-AMT>22,999</DISBURSED-AMT>
						<DISBURSED-DATE>21-09-2016</DISBURSED-DATE>
						<LAST-PAYMENT-DATE>26-09-2017</LAST-PAYMENT-DATE>
						<CLOSED-DATE>26-09-2017</CLOSED-DATE>
						<OVERDUE-AMT>0</OVERDUE-AMT>
						<WRITE-OFF-AMT>0</WRITE-OFF-AMT>
						<CURRENT-BAL>0</CURRENT-BAL>
						<SECURITY-STATUS>Un-secured</SECURITY-STATUS>
						<COMBINED-PAYMENT-HISTORY>Sep:2017,000/XXX|Aug:2017,000/XXX|Jul:2017,000/XXX|Jun:2017,000/XXX|May:2017,000/XXX|Apr:2017,000/XXX|Mar:2017,000/XXX|Feb:2017,000/XXX|Jan:2017,000/XXX|Dec:2016,000/XXX|Nov:2016,000/XXX|Oct:2016,000/XXX|Sep:2016,000/XXX|</COMBINED-PAYMENT-HISTORY>
						<MATCHED-TYPE>PRIMARY</MATCHED-TYPE>
						<SECURITY-DETAILS></SECURITY-DETAILS>
						<LINKED-ACCOUNTS></LINKED-ACCOUNTS>
					</LOAN-DETAILS>
				</RESPONSE>
				<RESPONSE>
					<LOAN-DETAILS>
						<ACCT-NUMBER>XXXX</ACCT-NUMBER>
						<CREDIT-GUARANTOR>XXXX</CREDIT-GUARANTOR>
						<ACCT-TYPE>Personal Loan</ACCT-TYPE>
						<DATE-REPORTED>31-08-2012</DATE-REPORTED>
						<OWNERSHIP-IND>Individual</OWNERSHIP-IND>
						<ACCOUNT-STATUS>Closed</ACCOUNT-STATUS>
						<DISBURSED-AMT>3,75,000</DISBURSED-AMT>
						<DISBURSED-DATE>12-12-2011</DISBURSED-DATE>
						<LAST-PAYMENT-DATE>06-08-2012</LAST-PAYMENT-DATE>
						<CLOSED-DATE>29-08-2012</CLOSED-DATE>
						<WRITE-OFF-AMT>0</WRITE-OFF-AMT>
						<CURRENT-BAL>0</CURRENT-BAL>
						<SECURITY-STATUS>Un-secured</SECURITY-STATUS>
						<COMBINED-PAYMENT-HISTORY>Aug:2012,000/STD|Jul:2012,000/STD|Jun:2012,000/STD|May:2012,000/STD|Apr:2012,000/STD|Mar:2012,DDD/DDD|Feb:2012,000/STD|Jan:2012,000/STD|Dec:2011,000/STD|</COMBINED-PAYMENT-HISTORY>
						<MATCHED-TYPE>PRIMARY</MATCHED-TYPE>
						<SECURITY-DETAILS></SECURITY-DETAILS>
						<LINKED-ACCOUNTS></LINKED-ACCOUNTS>
					</LOAN-DETAILS>
				</RESPONSE>
				<RESPONSE>
					<LOAN-DETAILS>
						<ACCT-NUMBER>XXXX</ACCT-NUMBER>
						<CREDIT-GUARANTOR>XXXX</CREDIT-GUARANTOR>
						<ACCT-TYPE>Consumer Loan</ACCT-TYPE>
						<DATE-REPORTED>30-04-2019</DATE-REPORTED>
						<OWNERSHIP-IND>Individual</OWNERSHIP-IND>
						<ACCOUNT-STATUS>Active</ACCOUNT-STATUS>
						<DISBURSED-AMT>35,000</DISBURSED-AMT>
						<DISBURSED-DATE>28-09-2018</DISBURSED-DATE>
						<OVERDUE-AMT>0</OVERDUE-AMT>
						<WRITE-OFF-AMT>0</WRITE-OFF-AMT>
						<CURRENT-BAL>0</CURRENT-BAL>
						<SECURITY-STATUS>Un-secured</SECURITY-STATUS>
						<PRINCIPAL-WRITE-OFF-AMT>0</PRINCIPAL-WRITE-OFF-AMT>
						<COMBINED-PAYMENT-HISTORY>Apr:2019,000/STD|Mar:2019,000/STD|Feb:2019,DDD/DDD|Jan:2019,000/STD|Dec:2018,000/STD|Nov:2018,000/STD|Oct:2018,000/STD|</COMBINED-PAYMENT-HISTORY>
						<MATCHED-TYPE>PRIMARY</MATCHED-TYPE>
						<SETTLEMENT-AMT>0</SETTLEMENT-AMT>
						<SECURITY-DETAILS></SECURITY-DETAILS>
						<LINKED-ACCOUNTS></LINKED-ACCOUNTS>
					</LOAN-DETAILS>
				</RESPONSE>
				<RESPONSE>
					<LOAN-DETAILS>
						<ACCT-NUMBER>XXXX</ACCT-NUMBER>
						<CREDIT-GUARANTOR>XXXX</CREDIT-GUARANTOR>
						<ACCT-TYPE>Credit Card</ACCT-TYPE>
						<DATE-REPORTED>18-04-2019</DATE-REPORTED>
						<OWNERSHIP-IND>Individual</OWNERSHIP-IND>
						<ACCOUNT-STATUS>Active</ACCOUNT-STATUS>
						<DISBURSED-AMT>1,21,094</DISBURSED-AMT>
						<DISBURSED-DATE>17-02-2019</DISBURSED-DATE>
						<LAST-PAYMENT-DATE>01-04-2019</LAST-PAYMENT-DATE>
						<WRITE-OFF-AMT>0</WRITE-OFF-AMT>
						<CURRENT-BAL>1,21,094</CURRENT-BAL>
						<CREDIT-LIMIT>1,50,000</CREDIT-LIMIT>
						<SECURITY-STATUS>Un-secured</SECURITY-STATUS>
						<COMBINED-PAYMENT-HISTORY>Apr:2019,000/XXX|Mar:2019,000/XXX|</COMBINED-PAYMENT-HISTORY>
						<MATCHED-TYPE>PRIMARY</MATCHED-TYPE>
						<SECURITY-DETAILS></SECURITY-DETAILS>
						<LINKED-ACCOUNTS></LINKED-ACCOUNTS>
					</LOAN-DETAILS>
				</RESPONSE>
				<RESPONSE>
					<LOAN-DETAILS>
						<ACCT-NUMBER>XXXX</ACCT-NUMBER>
						<CREDIT-GUARANTOR>XXXX</CREDIT-GUARANTOR>
						<ACCT-TYPE>Credit Card</ACCT-TYPE>
						<DATE-REPORTED>20-12-2017</DATE-REPORTED>
						<OWNERSHIP-IND>Individual</OWNERSHIP-IND>
						<ACCOUNT-STATUS>Closed</ACCOUNT-STATUS>
						<DISBURSED-DATE>24-05-2013</DISBURSED-DATE>
						<LAST-PAYMENT-DATE>21-11-2017</LAST-PAYMENT-DATE>
						<CLOSED-DATE>20-09-2015</CLOSED-DATE>
						<OVERDUE-AMT>0</OVERDUE-AMT>
						<WRITE-OFF-AMT>0</WRITE-OFF-AMT>
						<CURRENT-BAL>-1</CURRENT-BAL>
						<SECURITY-STATUS>Un-secured</SECURITY-STATUS>
						<COMBINED-PAYMENT-HISTORY>Sep:2015,060/XXX|Aug:2015,030/XXX|Jul:2015,000/XXX|Jun:2015,000/XXX|May:2015,000/XXX|Apr:2015,000/XXX|Mar:2015,000/XXX|Feb:2015,000/XXX|Jan:2015,000/XXX|Dec:2014,XXX/XXX|Nov:2014,XXX/XXX|Oct:2014,XXX/XXX|Sep:2014,XXX/XXX|Aug:2014,XXX/XXX|Jul:2014,XXX/XXX|Jun:2014,XXX/XXX|May:2014,XXX/XXX|Apr:2014,XXX/XXX|Mar:2014,XXX/XXX|Feb:2014,XXX/XXX|Jan:2014,XXX/XXX|Dec:2013,XXX/XXX|Nov:2013,XXX/XXX|Oct:2013,XXX/XXX|Sep:2013,XXX/XXX|Aug:2013,XXX/XXX|Jul:2013,XXX/XXX|Jun:2013,XXX/XXX|</COMBINED-PAYMENT-HISTORY>
						<MATCHED-TYPE>PRIMARY</MATCHED-TYPE>
						<SECURITY-DETAILS></SECURITY-DETAILS>
						<LINKED-ACCOUNTS></LINKED-ACCOUNTS>
					</LOAN-DETAILS>
				</RESPONSE>
				<RESPONSE>
					<LOAN-DETAILS>
						<ACCT-NUMBER>XXXX</ACCT-NUMBER>
						<CREDIT-GUARANTOR>XXXX</CREDIT-GUARANTOR>
						<ACCT-TYPE>Personal Loan</ACCT-TYPE>
						<DATE-REPORTED>31-12-2018</DATE-REPORTED>
						<OWNERSHIP-IND>Individual</OWNERSHIP-IND>
						<ACCOUNT-STATUS>Active</ACCOUNT-STATUS>
						<DISBURSED-AMT>2,00,000</DISBURSED-AMT>
						<DISBURSED-DATE>03-11-2018</DISBURSED-DATE>
						<LAST-PAYMENT-DATE>02-01-2019</LAST-PAYMENT-DATE>
						<OVERDUE-AMT>0</OVERDUE-AMT>
						<WRITE-OFF-AMT>0</WRITE-OFF-AMT>
						<CURRENT-BAL>1,28,734</CURRENT-BAL>
						<SECURITY-STATUS>Un-secured</SECURITY-STATUS>
						<COMBINED-PAYMENT-HISTORY>Dec:2018,000/XXX|Nov:2018,000/XXX|</COMBINED-PAYMENT-HISTORY>
						<MATCHED-TYPE>PRIMARY</MATCHED-TYPE>
						<ACTUAL-PAYMENT>1,64,367</ACTUAL-PAYMENT>
						<SECURITY-DETAILS></SECURITY-DETAILS>
						<LINKED-ACCOUNTS></LINKED-ACCOUNTS>
					</LOAN-DETAILS>
				</RESPONSE>
				<RESPONSE>
					<LOAN-DETAILS>
						<ACCT-NUMBER>XXXX</ACCT-NUMBER>
						<CREDIT-GUARANTOR>XXXX</CREDIT-GUARANTOR>
						<ACCT-TYPE>Personal Loan</ACCT-TYPE>
						<DATE-REPORTED>30-04-2018</DATE-REPORTED>
						<OWNERSHIP-IND>Individual</OWNERSHIP-IND>
						<ACCOUNT-STATUS>Closed</ACCOUNT-STATUS>
						<DISBURSED-AMT>3,00,000</DISBURSED-AMT>
						<DISBURSED-DATE>25-03-2013</DISBURSED-DATE>
						<CLOSED-DATE>15-07-2016</CLOSED-DATE>
						<INSTALLMENT-AMT>7,137</INSTALLMENT-AMT>
						<OVERDUE-AMT>0</OVERDUE-AMT>
						<WRITE-OFF-AMT>0</WRITE-OFF-AMT>
						<CURRENT-BAL>0</CURRENT-BAL>
						<SECURITY-STATUS>Un-secured</SECURITY-STATUS>
						<COMBINED-PAYMENT-HISTORY>Jul:2016,000/XXX|Jun:2016,120/XXX|May:2016,120/XXX|Apr:2016,090/XXX|Mar:2016,090/XXX|Feb:2016,090/XXX|Jan:2016,090/XXX|Dec:2015,060/XXX|Nov:2015,030/XXX|Oct:2015,015/XXX|Sep:2015,015/XXX|Aug:2015,000/XXX|Jul:2015,015/XXX|Jun:2015,000/XXX|May:2015,015/XXX|Apr:2015,XXX/XXX|Mar:2015,XXX/XXX|Feb:2015,XXX/XXX|Jan:2015,XXX/XXX|Dec:2014,XXX/XXX|Nov:2014,XXX/XXX|Oct:2014,XXX/XXX|Sep:2014,XXX/XXX|Aug:2014,XXX/XXX|Jul:2014,XXX/XXX|Jun:2014,XXX/XXX|May:2014,XXX/XXX|Apr:2014,XXX/XXX|Mar:2014,XXX/XXX|Feb:2014,XXX/XXX|Jan:2014,XXX/XXX|Dec:2013,XXX/XXX|Nov:2013,XXX/XXX|Oct:2013,XXX/XXX|Sep:2013,XXX/XXX|Aug:2013,XXX/XXX|</COMBINED-PAYMENT-HISTORY>
						<MATCHED-TYPE>PRIMARY</MATCHED-TYPE>
						<WRITTEN-OFF_SETTLED-STATUS>Written-off</WRITTEN-OFF_SETTLED-STATUS>
						<SECURITY-DETAILS></SECURITY-DETAILS>
						<LINKED-ACCOUNTS></LINKED-ACCOUNTS>
					</LOAN-DETAILS>
				</RESPONSE>
				<RESPONSE>
					<LOAN-DETAILS>
						<ACCT-NUMBER>XXXX</ACCT-NUMBER>
						<CREDIT-GUARANTOR>XXXX</CREDIT-GUARANTOR>
						<ACCT-TYPE>Personal Loan</ACCT-TYPE>
						<DATE-REPORTED>30-04-2019</DATE-REPORTED>
						<OWNERSHIP-IND>Individual</OWNERSHIP-IND>
						<ACCOUNT-STATUS>Active</ACCOUNT-STATUS>
						<DISBURSED-AMT>42,000</DISBURSED-AMT>
						<DISBURSED-DATE>10-01-2019</DISBURSED-DATE>
						<OVERDUE-AMT>0</OVERDUE-AMT>
						<WRITE-OFF-AMT>0</WRITE-OFF-AMT>
						<CURRENT-BAL>42,539</CURRENT-BAL>
						<SECURITY-STATUS>Un-secured</SECURITY-STATUS>
						<COMBINED-PAYMENT-HISTORY>Apr:2019,000/STD|Mar:2019,000/STD|Feb:2019,000/STD|Jan:2019,000/XXX|</COMBINED-PAYMENT-HISTORY>
						<MATCHED-TYPE>PRIMARY</MATCHED-TYPE>
						<SECURITY-DETAILS></SECURITY-DETAILS>
						<LINKED-ACCOUNTS></LINKED-ACCOUNTS>
					</LOAN-DETAILS>
				</RESPONSE>
				<RESPONSE>
					<LOAN-DETAILS>
						<ACCT-NUMBER>XXXX</ACCT-NUMBER>
						<CREDIT-GUARANTOR>XXXX</CREDIT-GUARANTOR>
						<ACCT-TYPE>Personal Loan</ACCT-TYPE>
						<DATE-REPORTED>01-04-2019</DATE-REPORTED>
						<OWNERSHIP-IND>Individual</OWNERSHIP-IND>
						<ACCOUNT-STATUS>Active</ACCOUNT-STATUS>
						<DISBURSED-AMT>60,000</DISBURSED-AMT>
						<DISBURSED-DATE>16-08-2018</DISBURSED-DATE>
						<INSTALLMENT-AMT>7,293</INSTALLMENT-AMT>
						<OVERDUE-AMT>0</OVERDUE-AMT>
						<WRITE-OFF-AMT>0</WRITE-OFF-AMT>
						<CURRENT-BAL>14,252</CURRENT-BAL>
						<SECURITY-STATUS>Un-secured</SECURITY-STATUS>
						<COMBINED-PAYMENT-HISTORY>Apr:2019,000/STD|Mar:2019,DDD/DDD|Feb:2019,000/STD|Jan:2019,000/STD|Dec:2018,DDD/DDD|Nov:2018,000/STD|Oct:2018,000/STD|Sep:2018,000/STD|Aug:2018,000/STD|</COMBINED-PAYMENT-HISTORY>
						<MATCHED-TYPE>PRIMARY</MATCHED-TYPE>
						<SECURITY-DETAILS></SECURITY-DETAILS>
						<LINKED-ACCOUNTS></LINKED-ACCOUNTS>
					</LOAN-DETAILS>
				</RESPONSE>
				<RESPONSE>
					<LOAN-DETAILS>
						<ACCT-NUMBER>XXXX</ACCT-NUMBER>
						<CREDIT-GUARANTOR>XXXX</CREDIT-GUARANTOR>
						<ACCT-TYPE>Personal Loan</ACCT-TYPE>
						<DATE-REPORTED>30-04-2019</DATE-REPORTED>
						<OWNERSHIP-IND>Individual</OWNERSHIP-IND>
						<ACCOUNT-STATUS>Active</ACCOUNT-STATUS>
						<DISBURSED-AMT>70,000</DISBURSED-AMT>
						<DISBURSED-DATE>12-07-2018</DISBURSED-DATE>
						<WRITE-OFF-AMT>0</WRITE-OFF-AMT>
						<CURRENT-BAL>0</CURRENT-BAL>
						<SECURITY-STATUS>Un-secured</SECURITY-STATUS>
						<COMBINED-PAYMENT-HISTORY>Apr:2019,XXX/STD|Mar:2019,DDD/DDD|Feb:2019,XXX/STD|Jan:2019,DDD/DDD|Dec:2018,XXX/STD|Nov:2018,XXX/STD|Oct:2018,XXX/STD|Sep:2018,XXX/STD|Aug:2018,XXX/STD|Jul:2018,XXX/STD|</COMBINED-PAYMENT-HISTORY>
						<MATCHED-TYPE>PRIMARY</MATCHED-TYPE>
						<SECURITY-DETAILS></SECURITY-DETAILS>
						<LINKED-ACCOUNTS></LINKED-ACCOUNTS>
					</LOAN-DETAILS>
				</RESPONSE>
				<RESPONSE>
					<LOAN-DETAILS>
						<ACCT-NUMBER>002325200001340</ACCT-NUMBER>
						<CREDIT-GUARANTOR>FICCL</CREDIT-GUARANTOR>
						<ACCT-TYPE>Personal Loan</ACCT-TYPE>
						<DATE-REPORTED>28-02-2014</DATE-REPORTED>
						<OWNERSHIP-IND>Individual</OWNERSHIP-IND>
						<ACCOUNT-STATUS>Closed</ACCOUNT-STATUS>
						<DISBURSED-AMT>3,01,000</DISBURSED-AMT>
						<DISBURSED-DATE>30-06-2011</DISBURSED-DATE>
						<CLOSED-DATE>26-09-2012</CLOSED-DATE>
						<OVERDUE-AMT>0</OVERDUE-AMT>
						<WRITE-OFF-AMT>0</WRITE-OFF-AMT>
						<CURRENT-BAL>0</CURRENT-BAL>
						<SECURITY-STATUS>Un-secured</SECURITY-STATUS>
						<PRINCIPAL-WRITE-OFF-AMT>0</PRINCIPAL-WRITE-OFF-AMT>
						<COMBINED-PAYMENT-HISTORY>Sep:2012,000/XXX|Aug:2012,000/XXX|Jul:2012,000/XXX|Jun:2012,000/XXX|May:2012,DDD/DDD|Apr:2012,DDD/DDD|Mar:2012,000/XXX|Feb:2012,000/XXX|Jan:2012,000/XXX|Dec:2011,000/XXX|Nov:2011,000/XXX|Oct:2011,000/XXX|Sep:2011,DDD/DDD|Aug:2011,000/XXX|Jul:2011,000/XXX|Jun:2011,000/XXX|</COMBINED-PAYMENT-HISTORY>
						<MATCHED-TYPE>PRIMARY</MATCHED-TYPE>
						<SECURITY-DETAILS></SECURITY-DETAILS>
						<LINKED-ACCOUNTS></LINKED-ACCOUNTS>
					</LOAN-DETAILS>
				</RESPONSE>
				<RESPONSE>
					<LOAN-DETAILS>
						<ACCT-NUMBER>XXXX</ACCT-NUMBER>
						<CREDIT-GUARANTOR>XXXX</CREDIT-GUARANTOR>
						<ACCT-TYPE>Auto Loan (Personal)</ACCT-TYPE>
						<DATE-REPORTED>30-04-2019</DATE-REPORTED>
						<OWNERSHIP-IND>Individual</OWNERSHIP-IND>
						<ACCOUNT-STATUS>Active</ACCOUNT-STATUS>
						<DISBURSED-AMT>9,85,000</DISBURSED-AMT>
						<DISBURSED-DATE>22-06-2018</DISBURSED-DATE>
						<LAST-PAYMENT-DATE>10-04-2019</LAST-PAYMENT-DATE>
						<WRITE-OFF-AMT>0</WRITE-OFF-AMT>
						<CURRENT-BAL>8,47,014</CURRENT-BAL>
						<SECURITY-STATUS>Secured</SECURITY-STATUS>
						<PRINCIPAL-WRITE-OFF-AMT>0</PRINCIPAL-WRITE-OFF-AMT>
						<COMBINED-PAYMENT-HISTORY>Apr:2019,000/XXX|Mar:2019,000/XXX|Feb:2019,000/XXX|Jan:2019,000/XXX|Dec:2018,000/XXX|Nov:2018,000/XXX|Oct:2018,000/XXX|Sep:2018,000/XXX|Aug:2018,000/XXX|Jul:2018,000/XXX|Jun:2018,000/XXX|</COMBINED-PAYMENT-HISTORY>
						<MATCHED-TYPE>PRIMARY</MATCHED-TYPE>
						<SETTLEMENT-AMT>0</SETTLEMENT-AMT>
						<SECURITY-DETAILS></SECURITY-DETAILS>
						<LINKED-ACCOUNTS></LINKED-ACCOUNTS>
					</LOAN-DETAILS>
				</RESPONSE>
				<RESPONSE>
					<LOAN-DETAILS>
						<ACCT-NUMBER>XXXX</ACCT-NUMBER>
						<CREDIT-GUARANTOR>XXXX</CREDIT-GUARANTOR>
						<ACCT-TYPE>Credit Card</ACCT-TYPE>
						<DATE-REPORTED>28-02-2019</DATE-REPORTED>
						<OWNERSHIP-IND>Individual</OWNERSHIP-IND>
						<ACCOUNT-STATUS>Active</ACCOUNT-STATUS>
						<DISBURSED-AMT>57,580</DISBURSED-AMT>
						<DISBURSED-DATE>02-11-2018</DISBURSED-DATE>
						<LAST-PAYMENT-DATE>27-02-2019</LAST-PAYMENT-DATE>
						<OVERDUE-AMT>0</OVERDUE-AMT>
						<WRITE-OFF-AMT>0</WRITE-OFF-AMT>
						<CURRENT-BAL>17,551</CURRENT-BAL>
						<CREDIT-LIMIT>53,000</CREDIT-LIMIT>
						<SECURITY-STATUS>Un-secured</SECURITY-STATUS>
						<COMBINED-PAYMENT-HISTORY>Feb:2019,000/XXX|Jan:2019,000/XXX|Dec:2018,000/XXX|Nov:2018,000/XXX|</COMBINED-PAYMENT-HISTORY>
						<MATCHED-TYPE>PRIMARY</MATCHED-TYPE>
						<CASH-LIMIT>449</CASH-LIMIT>
						<ACTUAL-PAYMENT>64,738</ACTUAL-PAYMENT>
						<SECURITY-DETAILS></SECURITY-DETAILS>
						<LINKED-ACCOUNTS></LINKED-ACCOUNTS>
					</LOAN-DETAILS>
				</RESPONSE>
				<RESPONSE>
					<LOAN-DETAILS>
						<ACCT-NUMBER>XXXX</ACCT-NUMBER>
						<CREDIT-GUARANTOR>XXXX</CREDIT-GUARANTOR>
						<ACCT-TYPE>Personal Loan</ACCT-TYPE>
						<DATE-REPORTED>30-04-2019</DATE-REPORTED>
						<OWNERSHIP-IND>Individual</OWNERSHIP-IND>
						<ACCOUNT-STATUS>Active</ACCOUNT-STATUS>
						<DISBURSED-AMT>12,28,599</DISBURSED-AMT>
						<DISBURSED-DATE>13-12-2017</DISBURSED-DATE>
						<LAST-PAYMENT-DATE>02-04-2019</LAST-PAYMENT-DATE>
						<OVERDUE-AMT>0</OVERDUE-AMT>
						<WRITE-OFF-AMT>0</WRITE-OFF-AMT>
						<CURRENT-BAL>12,28,599</CURRENT-BAL>
						<SECURITY-STATUS>Un-secured</SECURITY-STATUS>
						<COMBINED-PAYMENT-HISTORY>Apr:2019,000/XXX|Mar:2019,000/XXX|Feb:2019,000/XXX|Jan:2019,000/XXX|Dec:2018,DDD/DDD|Nov:2018,000/XXX|Oct:2018,000/XXX|Sep:2018,000/XXX|Aug:2018,XXX/XXX|Jul:2018,XXX/XXX|Jun:2018,XXX/XXX|May:2018,XXX/XXX|Apr:2018,XXX/XXX|Mar:2018,XXX/XXX|Feb:2018,XXX/XXX|Jan:2018,XXX/XXX|</COMBINED-PAYMENT-HISTORY>
						<MATCHED-TYPE>PRIMARY</MATCHED-TYPE>
						<SECURITY-DETAILS></SECURITY-DETAILS>
						<LINKED-ACCOUNTS></LINKED-ACCOUNTS>
					</LOAN-DETAILS>
				</RESPONSE>
				<RESPONSE>
					<LOAN-DETAILS>
						<ACCT-NUMBER>XXXX</ACCT-NUMBER>
						<CREDIT-GUARANTOR>XXXX</CREDIT-GUARANTOR>
						<ACCT-TYPE>Personal Loan</ACCT-TYPE>
						<DATE-REPORTED>31-03-2014</DATE-REPORTED>
						<OWNERSHIP-IND>Individual</OWNERSHIP-IND>
						<ACCOUNT-STATUS>Closed</ACCOUNT-STATUS>
						<DISBURSED-AMT>6,50,000</DISBURSED-AMT>
						<DISBURSED-DATE>28-08-2012</DISBURSED-DATE>
						<LAST-PAYMENT-DATE>05-03-2014</LAST-PAYMENT-DATE>
						<CLOSED-DATE>07-03-2014</CLOSED-DATE>
						<WRITE-OFF-AMT>0</WRITE-OFF-AMT>
						<CURRENT-BAL>0</CURRENT-BAL>
						<SECURITY-STATUS>Un-secured</SECURITY-STATUS>
						<COMBINED-PAYMENT-HISTORY>Mar:2014,000/STD|Feb:2014,000/STD|Jan:2014,000/STD|Dec:2013,000/STD|Nov:2013,000/STD|Oct:2013,DDD/DDD|Sep:2013,000/STD|Aug:2013,000/STD|Jul:2013,000/STD|Jun:2013,000/STD|May:2013,000/STD|Apr:2013,000/STD|Mar:2013,000/STD|Feb:2013,000/STD|Jan:2013,000/STD|Dec:2012,000/STD|Nov:2012,000/STD|Oct:2012,000/STD|Sep:2012,000/STD|Aug:2012,000/STD|</COMBINED-PAYMENT-HISTORY>
						<MATCHED-TYPE>PRIMARY</MATCHED-TYPE>
						<SECURITY-DETAILS></SECURITY-DETAILS>
						<LINKED-ACCOUNTS></LINKED-ACCOUNTS>
					</LOAN-DETAILS>
				</RESPONSE>
				<RESPONSE>
					<LOAN-DETAILS>
						<ACCT-NUMBER>XXXX</ACCT-NUMBER>
						<CREDIT-GUARANTOR>XXXX</CREDIT-GUARANTOR>
						<ACCT-TYPE>Credit Card</ACCT-TYPE>
						<DATE-REPORTED>30-04-2019</DATE-REPORTED>
						<OWNERSHIP-IND>Individual</OWNERSHIP-IND>
						<ACCOUNT-STATUS>Active</ACCOUNT-STATUS>
						<DISBURSED-AMT>34,819</DISBURSED-AMT>
						<DISBURSED-DATE>15-05-2013</DISBURSED-DATE>
						<LAST-PAYMENT-DATE>23-11-2016</LAST-PAYMENT-DATE>
						<OVERDUE-AMT>0</OVERDUE-AMT>
						<WRITE-OFF-AMT>0</WRITE-OFF-AMT>
						<CURRENT-BAL>0</CURRENT-BAL>
						<CREDIT-LIMIT>25,000</CREDIT-LIMIT>
						<SECURITY-STATUS>Un-secured</SECURITY-STATUS>
						<COMBINED-PAYMENT-HISTORY>Apr:2019,000/XXX|Mar:2019,000/XXX|Feb:2019,000/XXX|Jan:2019,000/XXX|Dec:2018,000/XXX|Nov:2018,000/XXX|Oct:2018,000/XXX|Sep:2018,000/XXX|Aug:2018,000/XXX|Jul:2018,000/XXX|Jun:2018,000/XXX|May:2018,000/XXX|Apr:2018,DDD/DDD|Mar:2018,000/XXX|Feb:2018,000/XXX|Jan:2018,000/XXX|Dec:2017,000/XXX|Nov:2017,000/XXX|Oct:2017,000/XXX|Sep:2017,000/XXX|Aug:2017,000/XXX|Jul:2017,000/XXX|Jun:2017,000/XXX|May:2017,000/XXX|Apr:2017,000/XXX|Mar:2017,000/XXX|Feb:2017,000/XXX|Jan:2017,000/XXX|Dec:2016,000/XXX|Nov:2016,DDD/DDD|Oct:2016,000/XXX|Sep:2016,000/XXX|Aug:2016,000/XXX|Jul:2016,000/XXX|Jun:2016,000/XXX|May:2016,056/XXX|</COMBINED-PAYMENT-HISTORY>
						<MATCHED-TYPE>PRIMARY</MATCHED-TYPE>
						<ACTUAL-PAYMENT>14,968</ACTUAL-PAYMENT>
						<SECURITY-DETAILS></SECURITY-DETAILS>
						<LINKED-ACCOUNTS></LINKED-ACCOUNTS>
					</LOAN-DETAILS>
				</RESPONSE>
				<RESPONSE>
					<LOAN-DETAILS>
						<ACCT-NUMBER>XXXX</ACCT-NUMBER>
						<CREDIT-GUARANTOR>XXXX</CREDIT-GUARANTOR>
						<ACCT-TYPE>Credit Card</ACCT-TYPE>
						<DATE-REPORTED>19-05-2011</DATE-REPORTED>
						<OWNERSHIP-IND>Individual</OWNERSHIP-IND>
						<ACCOUNT-STATUS>Closed</ACCOUNT-STATUS>
						<DISBURSED-AMT>47,148</DISBURSED-AMT>
						<DISBURSED-DATE>29-08-2008</DISBURSED-DATE>
						<LAST-PAYMENT-DATE>07-02-2011</LAST-PAYMENT-DATE>
						<CLOSED-DATE>18-12-2010</CLOSED-DATE>
						<OVERDUE-AMT>0</OVERDUE-AMT>
						<WRITE-OFF-AMT>0</WRITE-OFF-AMT>
						<CURRENT-BAL>0</CURRENT-BAL>
						<SECURITY-STATUS>Un-secured</SECURITY-STATUS>
						<COMBINED-PAYMENT-HISTORY>Dec:2010,180/LOS|Nov:2010,150/XXX|Oct:2010,XXX/XXX|Sep:2010,XXX/XXX|Aug:2010,XXX/XXX|Jul:2010,XXX/XXX|Jun:2010,XXX/XXX|May:2010,XXX/XXX|Apr:2010,XXX/XXX|Mar:2010,XXX/XXX|Feb:2010,XXX/XXX|Jan:2010,XXX/XXX|Dec:2009,XXX/XXX|Nov:2009,XXX/XXX|Oct:2009,XXX/XXX|Sep:2009,XXX/XXX|Aug:2009,XXX/XXX|Jul:2009,XXX/XXX|Jun:2009,XXX/XXX|May:2009,XXX/XXX|Apr:2009,XXX/XXX|Mar:2009,XXX/XXX|Feb:2009,XXX/XXX|Jan:2009,XXX/XXX|Dec:2008,XXX/XXX|Nov:2008,XXX/XXX|Oct:2008,XXX/XXX|Sep:2008,XXX/XXX|</COMBINED-PAYMENT-HISTORY>
						<MATCHED-TYPE>PRIMARY</MATCHED-TYPE>
						<SECURITY-DETAILS></SECURITY-DETAILS>
						<LINKED-ACCOUNTS></LINKED-ACCOUNTS>
					</LOAN-DETAILS>
				</RESPONSE>
				<RESPONSE>
					<LOAN-DETAILS>
						<ACCT-NUMBER>XXXX</ACCT-NUMBER>
						<CREDIT-GUARANTOR>XXXX</CREDIT-GUARANTOR>
						<ACCT-TYPE>Credit Card</ACCT-TYPE>
						<DATE-REPORTED>14-07-2014</DATE-REPORTED>
						<OWNERSHIP-IND>Individual</OWNERSHIP-IND>
						<ACCOUNT-STATUS>Closed</ACCOUNT-STATUS>
						<DISBURSED-AMT>532</DISBURSED-AMT>
						<DISBURSED-DATE>14-10-2011</DISBURSED-DATE>
						<LAST-PAYMENT-DATE>03-02-2012</LAST-PAYMENT-DATE>
						<CLOSED-DATE>14-07-2014</CLOSED-DATE>
						<WRITE-OFF-AMT>0</WRITE-OFF-AMT>
						<CURRENT-BAL>0</CURRENT-BAL>
						<SECURITY-STATUS>Un-secured</SECURITY-STATUS>
						<COMBINED-PAYMENT-HISTORY>Jul:2014,000/XXX|Jun:2014,DDD/DDD|May:2014,DDD/DDD|Apr:2014,738/XXX|Mar:2014,DDD/DDD|Feb:2014,DDD/DDD|Jan:2014,DDD/DDD|Dec:2013,DDD/DDD|Nov:2013,DDD/DDD|Oct:2013,DDD/DDD|Sep:2013,DDD/DDD|Aug:2013,DDD/DDD|Jul:2013,DDD/DDD|Jun:2013,DDD/DDD|May:2013,DDD/DDD|Apr:2013,DDD/DDD|Mar:2013,DDD/DDD|Feb:2013,DDD/DDD|Jan:2013,DDD/DDD|Dec:2012,DDD/DDD|Nov:2012,DDD/DDD|Oct:2012,DDD/DDD|Sep:2012,DDD/DDD|Aug:2012,DDD/DDD|Jul:2012,DDD/DDD|Jun:2012,DDD/DDD|May:2012,DDD/DDD|Apr:2012,DDD/DDD|Mar:2012,000/XXX|Feb:2012,XXX/XXX|Jan:2012,XXX/XXX|Dec:2011,XXX/XXX|Nov:2011,XXX/XXX|</COMBINED-PAYMENT-HISTORY>
						<MATCHED-TYPE>PRIMARY</MATCHED-TYPE>
						<SUIT-FILED_WILFUL-DEFAULT>No Suit filed</SUIT-FILED_WILFUL-DEFAULT>
						<SECURITY-DETAILS></SECURITY-DETAILS>
						<LINKED-ACCOUNTS></LINKED-ACCOUNTS>
					</LOAN-DETAILS>
				</RESPONSE>
				<RESPONSE>
					<LOAN-DETAILS>
						<ACCT-NUMBER>XXXX</ACCT-NUMBER>
						<CREDIT-GUARANTOR>XXXX</CREDIT-GUARANTOR>
						<ACCT-TYPE>Credit Card</ACCT-TYPE>
						<DATE-REPORTED>12-04-2019</DATE-REPORTED>
						<OWNERSHIP-IND>Individual</OWNERSHIP-IND>
						<ACCOUNT-STATUS>Closed</ACCOUNT-STATUS>
						<DISBURSED-AMT>55,666</DISBURSED-AMT>
						<DISBURSED-DATE>19-12-2017</DISBURSED-DATE>
						<LAST-PAYMENT-DATE>22-07-2018</LAST-PAYMENT-DATE>
						<CLOSED-DATE>02-11-2018</CLOSED-DATE>
						<OVERDUE-AMT>0</OVERDUE-AMT>
						<WRITE-OFF-AMT>0</WRITE-OFF-AMT>
						<CURRENT-BAL>-1,121</CURRENT-BAL>
						<CREDIT-LIMIT>53,000</CREDIT-LIMIT>
						<SECURITY-STATUS>Un-secured</SECURITY-STATUS>
						<COMBINED-PAYMENT-HISTORY>Nov:2018,000/XXX|Oct:2018,000/XXX|Sep:2018,000/XXX|Aug:2018,XXX/XXX|Jul:2018,XXX/XXX|Jun:2018,XXX/XXX|May:2018,XXX/XXX|Apr:2018,XXX/XXX|Mar:2018,XXX/XXX|Feb:2018,XXX/XXX|Jan:2018,XXX/XXX|</COMBINED-PAYMENT-HISTORY>
						<MATCHED-TYPE>PRIMARY</MATCHED-TYPE>
						<CASH-LIMIT>5,300</CASH-LIMIT>
						<SECURITY-DETAILS></SECURITY-DETAILS>
						<LINKED-ACCOUNTS></LINKED-ACCOUNTS>
					</LOAN-DETAILS>
				</RESPONSE>
				<RESPONSE>
					<LOAN-DETAILS>
						<ACCT-NUMBER>XXXX</ACCT-NUMBER>
						<CREDIT-GUARANTOR>XXXX</CREDIT-GUARANTOR>
						<ACCT-TYPE>Personal Loan</ACCT-TYPE>
						<DATE-REPORTED>31-12-2018</DATE-REPORTED>
						<OWNERSHIP-IND>Individual</OWNERSHIP-IND>
						<ACCOUNT-STATUS>Closed</ACCOUNT-STATUS>
						<DISBURSED-AMT>1,00,000</DISBURSED-AMT>
						<DISBURSED-DATE>30-06-2017</DISBURSED-DATE>
						<LAST-PAYMENT-DATE>28-09-2017</LAST-PAYMENT-DATE>
						<CLOSED-DATE>28-09-2017</CLOSED-DATE>
						<INSTALLMENT-AMT>33,333/Monthly</INSTALLMENT-AMT>
						<OVERDUE-AMT>0</OVERDUE-AMT>
						<WRITE-OFF-AMT>0</WRITE-OFF-AMT>
						<CURRENT-BAL>0</CURRENT-BAL>
						<SECURITY-STATUS>Un-secured</SECURITY-STATUS>
						<COMBINED-PAYMENT-HISTORY>Aug:2017,XXX/XXX|Jul:2017,XXX/XXX|</COMBINED-PAYMENT-HISTORY>
						<MATCHED-TYPE>PRIMARY</MATCHED-TYPE>
						<ACTUAL-PAYMENT>0</ACTUAL-PAYMENT>
						<SECURITY-DETAILS></SECURITY-DETAILS>
						<LINKED-ACCOUNTS></LINKED-ACCOUNTS>
					</LOAN-DETAILS>
				</RESPONSE>
				<RESPONSE>
					<LOAN-DETAILS>
						<ACCT-NUMBER>XXXX</ACCT-NUMBER>
						<CREDIT-GUARANTOR>XXXX</CREDIT-GUARANTOR>
						<ACCT-TYPE>Gold Loan</ACCT-TYPE>
						<DATE-REPORTED>31-08-2018</DATE-REPORTED>
						<OWNERSHIP-IND>Individual</OWNERSHIP-IND>
						<ACCOUNT-STATUS>Closed</ACCOUNT-STATUS>
						<DISBURSED-AMT>3,75,000</DISBURSED-AMT>
						<DISBURSED-DATE>23-11-2016</DISBURSED-DATE>
						<LAST-PAYMENT-DATE>18-08-2018</LAST-PAYMENT-DATE>
						<CLOSED-DATE>18-08-2018</CLOSED-DATE>
						<OVERDUE-AMT>0</OVERDUE-AMT>
						<WRITE-OFF-AMT>0</WRITE-OFF-AMT>
						<CURRENT-BAL>0</CURRENT-BAL>
						<SECURITY-STATUS>Secured</SECURITY-STATUS>
						<COMBINED-PAYMENT-HISTORY>Aug:2018,000/XXX|Jul:2018,000/XXX|Jun:2018,000/XXX|May:2018,001/XXX|Apr:2018,001/XXX|Mar:2018,000/XXX|Feb:2018,000/XXX|Jan:2018,DDD/DDD|Dec:2017,000/XXX|Nov:2017,000/XXX|Oct:2017,000/XXX|Sep:2017,001/XXX|Aug:2017,000/XXX|Jul:2017,001/XXX|Jun:2017,001/XXX|May:2017,000/XXX|Apr:2017,000/XXX|Mar:2017,000/XXX|Feb:2017,000/XXX|Jan:2017,000/XXX|Dec:2016,000/XXX|Nov:2016,000/XXX|</COMBINED-PAYMENT-HISTORY>
						<MATCHED-TYPE>PRIMARY</MATCHED-TYPE>
						<SECURITY-DETAILS></SECURITY-DETAILS>
						<LINKED-ACCOUNTS></LINKED-ACCOUNTS>
					</LOAN-DETAILS>
				</RESPONSE>
				<RESPONSE>
					<LOAN-DETAILS>
						<ACCT-NUMBER>XXXX</ACCT-NUMBER>
						<CREDIT-GUARANTOR>XXXX</CREDIT-GUARANTOR>
						<ACCT-TYPE>Personal Loan</ACCT-TYPE>
						<DATE-REPORTED>31-12-2018</DATE-REPORTED>
						<OWNERSHIP-IND>Individual</OWNERSHIP-IND>
						<ACCOUNT-STATUS>Closed</ACCOUNT-STATUS>
						<DISBURSED-AMT>1,30,000</DISBURSED-AMT>
						<DISBURSED-DATE>28-09-2017</DISBURSED-DATE>
						<LAST-PAYMENT-DATE>27-03-2018</LAST-PAYMENT-DATE>
						<CLOSED-DATE>27-03-2018</CLOSED-DATE>
						<INSTALLMENT-AMT>21,667/Annually</INSTALLMENT-AMT>
						<OVERDUE-AMT>0</OVERDUE-AMT>
						<WRITE-OFF-AMT>0</WRITE-OFF-AMT>
						<CURRENT-BAL>0</CURRENT-BAL>
						<SECURITY-STATUS>Un-secured</SECURITY-STATUS>
						<COMBINED-PAYMENT-HISTORY>Feb:2018,XXX/XXX|Jan:2018,XXX/XXX|Dec:2017,XXX/XXX|Nov:2017,XXX/XXX|Oct:2017,XXX/XXX|</COMBINED-PAYMENT-HISTORY>
						<MATCHED-TYPE>PRIMARY</MATCHED-TYPE>
						<ACTUAL-PAYMENT>0</ACTUAL-PAYMENT>
						<SECURITY-DETAILS></SECURITY-DETAILS>
						<LINKED-ACCOUNTS></LINKED-ACCOUNTS>
					</LOAN-DETAILS>
				</RESPONSE>
				<RESPONSE>
					<LOAN-DETAILS>
						<ACCT-NUMBER>XXXX</ACCT-NUMBER>
						<CREDIT-GUARANTOR>XXXX</CREDIT-GUARANTOR>
						<ACCT-TYPE>Personal Loan</ACCT-TYPE>
						<DATE-REPORTED>31-12-2018</DATE-REPORTED>
						<OWNERSHIP-IND>Individual</OWNERSHIP-IND>
						<ACCOUNT-STATUS>Closed</ACCOUNT-STATUS>
						<DISBURSED-AMT>1,30,000</DISBURSED-AMT>
						<DISBURSED-DATE>28-03-2018</DISBURSED-DATE>
						<LAST-PAYMENT-DATE>24-09-2018</LAST-PAYMENT-DATE>
						<CLOSED-DATE>24-09-2018</CLOSED-DATE>
						<INSTALLMENT-AMT>21,667/Annually</INSTALLMENT-AMT>
						<OVERDUE-AMT>0</OVERDUE-AMT>
						<WRITE-OFF-AMT>0</WRITE-OFF-AMT>
						<CURRENT-BAL>0</CURRENT-BAL>
						<SECURITY-STATUS>Un-secured</SECURITY-STATUS>
						<COMBINED-PAYMENT-HISTORY>Sep:2018,000/XXX|Aug:2018,000/XXX|Jul:2018,XXX/XXX|Jun:2018,XXX/XXX|May:2018,XXX/XXX|Apr:2018,XXX/XXX|</COMBINED-PAYMENT-HISTORY>
						<MATCHED-TYPE>PRIMARY</MATCHED-TYPE>
						<ACTUAL-PAYMENT>0</ACTUAL-PAYMENT>
						<SECURITY-DETAILS></SECURITY-DETAILS>
						<LINKED-ACCOUNTS></LINKED-ACCOUNTS>
					</LOAN-DETAILS>
				</RESPONSE>
				<RESPONSE>
					<LOAN-DETAILS>
						<ACCT-NUMBER>XXXX</ACCT-NUMBER>
						<CREDIT-GUARANTOR>XXXX</CREDIT-GUARANTOR>
						<ACCT-TYPE>Credit Card</ACCT-TYPE>
						<DATE-REPORTED>31-01-2014</DATE-REPORTED>
						<OWNERSHIP-IND>Individual</OWNERSHIP-IND>
						<ACCOUNT-STATUS>Active</ACCOUNT-STATUS>
						<DISBURSED-AMT>97,983</DISBURSED-AMT>
						<DISBURSED-DATE>09-08-2010</DISBURSED-DATE>
						<LAST-PAYMENT-DATE>17-01-2014</LAST-PAYMENT-DATE>
						<WRITE-OFF-AMT>0</WRITE-OFF-AMT>
						<CURRENT-BAL>93,279</CURRENT-BAL>
						<SECURITY-STATUS>Un-secured</SECURITY-STATUS>
						<COMBINED-PAYMENT-HISTORY>Jul:2016,000/XXX|Jun:2016,000/XXX|May:2016,000/XXX|Apr:2016,000/XXX|Mar:2016,000/XXX|Feb:2016,000/XXX|Jan:2016,060/XXX|Dec:2015,060/XXX|Nov:2015,028/XXX|Oct:2015,000/XXX|Sep:2015,000/XXX|Aug:2015,000/XXX|Jul:2015,000/XXX|Jun:2015,000/XXX|May:2015,000/XXX|Apr:2015,000/XXX|Mar:2015,000/XXX|Feb:2015,000/XXX|Jan:2015,000/XXX|Dec:2014,000/XXX|Nov:2014,000/XXX|Oct:2014,000/XXX|Sep:2014,000/XXX|Aug:2014,000/XXX|Jul:2014,000/XXX|Jun:2014,000/XXX|May:2014,000/XXX|Apr:2014,000/XXX|Mar:2014,000/XXX|Feb:2014,000/XXX|Jan:2014,000/XXX|Dec:2013,000/XXX|Nov:2013,000/XXX|Oct:2013,000/XXX|Sep:2013,000/XXX|Aug:2013,XXX/XXX|</COMBINED-PAYMENT-HISTORY>
						<MATCHED-TYPE>PRIMARY</MATCHED-TYPE>
						<SECURITY-DETAILS></SECURITY-DETAILS>
						<LINKED-ACCOUNTS>
							<ACCOUNT-DETAILS>
								<ACCT-NUMBER>XXXX</ACCT-NUMBER>
								<CREDIT-GUARANTOR>XXXX</CREDIT-GUARANTOR>
								<ACCT-TYPE>Credit Card</ACCT-TYPE>
								<DATE-REPORTED>31-07-2016</DATE-REPORTED>
								<OWNERSHIP-IND>Individual</OWNERSHIP-IND>
								<ACCOUNT-STATUS>Active</ACCOUNT-STATUS>
								<DISBURSED-AMT>1,14,304</DISBURSED-AMT>
								<DISBURSED-DATE>09-08-2010</DISBURSED-DATE>
								<LAST-PAYMENT-DATE>29-07-2016</LAST-PAYMENT-DATE>
								<CURRENT-BAL>90,047</CURRENT-BAL>
								<SECURITY-DETAILS></SECURITY-DETAILS>
							</ACCOUNT-DETAILS>
							<ACCOUNT-DETAILS>
								<ACCT-NUMBER>XXXX</ACCT-NUMBER>
								<CREDIT-GUARANTOR>XXXX</CREDIT-GUARANTOR>
								<ACCT-TYPE>Credit Card</ACCT-TYPE>
								<DATE-REPORTED>31-12-2011</DATE-REPORTED>
								<OWNERSHIP-IND>Individual</OWNERSHIP-IND>
								<ACCOUNT-STATUS>Active</ACCOUNT-STATUS>
								<DISBURSED-AMT>35,269</DISBURSED-AMT>
								<DISBURSED-DATE>08-08-2010</DISBURSED-DATE>
								<LAST-PAYMENT-DATE>14-12-2011</LAST-PAYMENT-DATE>
								<CURRENT-BAL>28,631</CURRENT-BAL>
								<SECURITY-DETAILS></SECURITY-DETAILS>
							</ACCOUNT-DETAILS>
							<ACCOUNT-DETAILS>
								<ACCT-NUMBER>XXXX</ACCT-NUMBER>
								<CREDIT-GUARANTOR>XXXX</CREDIT-GUARANTOR>
								<ACCT-TYPE>Credit Card</ACCT-TYPE>
								<DATE-REPORTED>30-09-2012</DATE-REPORTED>
								<OWNERSHIP-IND>Individual</OWNERSHIP-IND>
								<ACCOUNT-STATUS>Active</ACCOUNT-STATUS>
								<DISBURSED-AMT>62,055</DISBURSED-AMT>
								<DISBURSED-DATE>08-08-2010</DISBURSED-DATE>
								<LAST-PAYMENT-DATE>24-09-2012</LAST-PAYMENT-DATE>
								<CURRENT-BAL>44,857</CURRENT-BAL>
								<SECURITY-DETAILS></SECURITY-DETAILS>
							</ACCOUNT-DETAILS>
							<ACCOUNT-DETAILS>
								<ACCT-NUMBER>XXXX</ACCT-NUMBER>
								<CREDIT-GUARANTOR>XXXX</CREDIT-GUARANTOR>
								<ACCT-TYPE>Credit Card</ACCT-TYPE>
								<DATE-REPORTED>30-09-2010</DATE-REPORTED>
								<OWNERSHIP-IND>Individual</OWNERSHIP-IND>
								<ACCOUNT-STATUS>Active</ACCOUNT-STATUS>
								<DISBURSED-AMT>34,028</DISBURSED-AMT>
								<DISBURSED-DATE>08-08-2010</DISBURSED-DATE>
								<LAST-PAYMENT-DATE>03-09-2010</LAST-PAYMENT-DATE>
								<CURRENT-BAL>34,028</CURRENT-BAL>
								<SECURITY-DETAILS></SECURITY-DETAILS>
							</ACCOUNT-DETAILS>
							<ACCOUNT-DETAILS>
								<ACCT-NUMBER>XXXX</ACCT-NUMBER>
								<CREDIT-GUARANTOR>XXXX</CREDIT-GUARANTOR>
								<ACCT-TYPE>Credit Card</ACCT-TYPE>
								<DATE-REPORTED>31-07-2015</DATE-REPORTED>
								<OWNERSHIP-IND>Individual</OWNERSHIP-IND>
								<ACCOUNT-STATUS>Active</ACCOUNT-STATUS>
								<DISBURSED-AMT>1,07,635</DISBURSED-AMT>
								<DISBURSED-DATE>09-08-2010</DISBURSED-DATE>
								<LAST-PAYMENT-DATE>23-07-2015</LAST-PAYMENT-DATE>
								<CURRENT-BAL>93,881</CURRENT-BAL>
								<SECURITY-DETAILS></SECURITY-DETAILS>
							</ACCOUNT-DETAILS>
						</LINKED-ACCOUNTS>
					</LOAN-DETAILS>
				</RESPONSE>
				<RESPONSE>
					<LOAN-DETAILS>
						<ACCT-NUMBER>XXXX</ACCT-NUMBER>
						<CREDIT-GUARANTOR>XXXX</CREDIT-GUARANTOR>
						<ACCT-TYPE>Personal Loan</ACCT-TYPE>
						<DATE-REPORTED>10-05-2019</DATE-REPORTED>
						<OWNERSHIP-IND>Individual</OWNERSHIP-IND>
						<ACCOUNT-STATUS>Active</ACCOUNT-STATUS>
						<DISBURSED-AMT>2,00,000</DISBURSED-AMT>
						<DISBURSED-DATE>28-02-2019</DISBURSED-DATE>
						<LAST-PAYMENT-DATE>05-05-2019</LAST-PAYMENT-DATE>
						<OVERDUE-AMT>0</OVERDUE-AMT>
						<WRITE-OFF-AMT>0</WRITE-OFF-AMT>
						<CURRENT-BAL>1,41,734</CURRENT-BAL>
						<SECURITY-STATUS>Un-secured</SECURITY-STATUS>
						<COMBINED-PAYMENT-HISTORY>May:2019,000/XXX|Apr:2019,XXX/XXX|Mar:2019,XXX/XXX|</COMBINED-PAYMENT-HISTORY>
						<MATCHED-TYPE>PRIMARY</MATCHED-TYPE>
						<ACTUAL-PAYMENT>2,00,000</ACTUAL-PAYMENT>
						<SETTLEMENT-AMT>0</SETTLEMENT-AMT>
						<SECURITY-DETAILS></SECURITY-DETAILS>
						<LINKED-ACCOUNTS></LINKED-ACCOUNTS>
					</LOAN-DETAILS>
				</RESPONSE>
				<RESPONSE>
					<LOAN-DETAILS>
						<ACCT-NUMBER>XXXX</ACCT-NUMBER>
						<CREDIT-GUARANTOR>XXXX</CREDIT-GUARANTOR>
						<ACCT-TYPE>Credit Card</ACCT-TYPE>
						<DATE-REPORTED>16-04-2019</DATE-REPORTED>
						<OWNERSHIP-IND>Individual</OWNERSHIP-IND>
						<ACCOUNT-STATUS>Active</ACCOUNT-STATUS>
						<DISBURSED-AMT>1,55,677</DISBURSED-AMT>
						<DISBURSED-DATE>11-06-2018</DISBURSED-DATE>
						<LAST-PAYMENT-DATE>30-03-2019</LAST-PAYMENT-DATE>
						<WRITE-OFF-AMT>0</WRITE-OFF-AMT>
						<CURRENT-BAL>3,013</CURRENT-BAL>
						<CREDIT-LIMIT>1,50,000</CREDIT-LIMIT>
						<SECURITY-STATUS>Un-secured</SECURITY-STATUS>
						<COMBINED-PAYMENT-HISTORY>Apr:2019,000/XXX|Mar:2019,000/XXX|Feb:2019,000/XXX|Jan:2019,000/XXX|Dec:2018,000/XXX|Nov:2018,000/XXX|Oct:2018,000/XXX|Sep:2018,000/XXX|Aug:2018,000/XXX|Jul:2018,000/XXX|</COMBINED-PAYMENT-HISTORY>
						<MATCHED-TYPE>PRIMARY</MATCHED-TYPE>
						<SECURITY-DETAILS></SECURITY-DETAILS>
						<LINKED-ACCOUNTS></LINKED-ACCOUNTS>
					</LOAN-DETAILS>
				</RESPONSE>
				<RESPONSE>
					<LOAN-DETAILS>
						<ACCT-NUMBER>XXXX</ACCT-NUMBER>
						<CREDIT-GUARANTOR>XXXX</CREDIT-GUARANTOR>
						<ACCT-TYPE>Credit Card</ACCT-TYPE>
						<DATE-REPORTED>19-08-2011</DATE-REPORTED>
						<OWNERSHIP-IND>Individual</OWNERSHIP-IND>
						<ACCOUNT-STATUS>Closed</ACCOUNT-STATUS>
						<DISBURSED-AMT>15,390</DISBURSED-AMT>
						<DISBURSED-DATE>18-10-2007</DISBURSED-DATE>
						<LAST-PAYMENT-DATE>07-02-2011</LAST-PAYMENT-DATE>
						<CLOSED-DATE>10-01-2011</CLOSED-DATE>
						<OVERDUE-AMT>0</OVERDUE-AMT>
						<WRITE-OFF-AMT>0</WRITE-OFF-AMT>
						<CURRENT-BAL>0</CURRENT-BAL>
						<SECURITY-STATUS>Un-secured</SECURITY-STATUS>
						<COMBINED-PAYMENT-HISTORY>Jan:2011,120/XXX|Dec:2010,090/XXX|Nov:2010,060/XXX|Oct:2010,XXX/XXX|Sep:2010,XXX/XXX|Aug:2010,XXX/XXX|Jul:2010,XXX/XXX|Jun:2010,XXX/XXX|May:2010,XXX/XXX|Apr:2010,XXX/XXX|Mar:2010,XXX/XXX|Feb:2010,XXX/XXX|Jan:2010,XXX/XXX|Dec:2009,XXX/XXX|Nov:2009,XXX/XXX|Oct:2009,XXX/XXX|Sep:2009,XXX/XXX|Aug:2009,XXX/XXX|Jul:2009,XXX/XXX|Jun:2009,XXX/XXX|May:2009,XXX/XXX|Apr:2009,XXX/XXX|Mar:2009,XXX/XXX|Feb:2009,XXX/XXX|Jan:2009,XXX/XXX|Dec:2008,XXX/XXX|Nov:2008,XXX/XXX|Oct:2008,XXX/XXX|Sep:2008,XXX/XXX|Aug:2008,XXX/XXX|Jul:2008,XXX/XXX|Jun:2008,XXX/XXX|May:2008,XXX/XXX|Apr:2008,XXX/XXX|Mar:2008,XXX/XXX|Feb:2008,XXX/XXX|</COMBINED-PAYMENT-HISTORY>
						<MATCHED-TYPE>PRIMARY</MATCHED-TYPE>
						<SECURITY-DETAILS></SECURITY-DETAILS>
						<LINKED-ACCOUNTS></LINKED-ACCOUNTS>
					</LOAN-DETAILS>
				</RESPONSE>
				<RESPONSE>
					<LOAN-DETAILS>
						<ACCT-NUMBER>XXXX</ACCT-NUMBER>
						<CREDIT-GUARANTOR>XXXX</CREDIT-GUARANTOR>
						<ACCT-TYPE>Credit Card</ACCT-TYPE>
						<DATE-REPORTED>12-04-2019</DATE-REPORTED>
						<OWNERSHIP-IND>Individual</OWNERSHIP-IND>
						<ACCOUNT-STATUS>Closed</ACCOUNT-STATUS>
						<DISBURSED-AMT>55,666</DISBURSED-AMT>
						<DISBURSED-DATE>19-12-2017</DISBURSED-DATE>
						<LAST-PAYMENT-DATE>22-07-2018</LAST-PAYMENT-DATE>
						<CLOSED-DATE>18-10-2018</CLOSED-DATE>
						<OVERDUE-AMT>0</OVERDUE-AMT>
						<WRITE-OFF-AMT>0</WRITE-OFF-AMT>
						<CURRENT-BAL>0</CURRENT-BAL>
						<CREDIT-LIMIT>0</CREDIT-LIMIT>
						<SECURITY-STATUS>Un-secured</SECURITY-STATUS>
						<COMBINED-PAYMENT-HISTORY>Oct:2018,000/XXX|Sep:2018,000/XXX|Aug:2018,000/XXX|Jul:2018,000/XXX|Jun:2018,000/XXX|May:2018,000/XXX|Apr:2018,000/XXX|Mar:2018,000/XXX|Feb:2018,000/XXX|Jan:2018,000/XXX|Dec:2017,000/XXX|</COMBINED-PAYMENT-HISTORY>
						<MATCHED-TYPE>PRIMARY</MATCHED-TYPE>
						<CASH-LIMIT>0</CASH-LIMIT>
						<SECURITY-DETAILS></SECURITY-DETAILS>
						<LINKED-ACCOUNTS></LINKED-ACCOUNTS>
					</LOAN-DETAILS>
				</RESPONSE>
				<RESPONSE>
					<LOAN-DETAILS>
						<ACCT-NUMBER>XXXX</ACCT-NUMBER>
						<CREDIT-GUARANTOR>XXXX</CREDIT-GUARANTOR>
						<ACCT-TYPE>Personal Loan</ACCT-TYPE>
						<DATE-REPORTED>30-11-2018</DATE-REPORTED>
						<OWNERSHIP-IND>Individual</OWNERSHIP-IND>
						<ACCOUNT-STATUS>Closed</ACCOUNT-STATUS>
						<DISBURSED-AMT>1,60,000</DISBURSED-AMT>
						<DISBURSED-DATE>26-10-2017</DISBURSED-DATE>
						<CLOSED-DATE>05-11-2018</CLOSED-DATE>
						<INSTALLMENT-AMT>15,441/Monthly</INSTALLMENT-AMT>
						<OVERDUE-AMT>0</OVERDUE-AMT>
						<WRITE-OFF-AMT>0</WRITE-OFF-AMT>
						<CURRENT-BAL>0</CURRENT-BAL>
						<SECURITY-STATUS>Un-secured</SECURITY-STATUS>
						<COMBINED-PAYMENT-HISTORY>Nov:2018,XXX/STD|Oct:2018,DDD/DDD|Sep:2018,XXX/STD|Aug:2018,DDD/DDD|Jul:2018,DDD/DDD|Jun:2018,XXX/STD|May:2018,XXX/STD|Apr:2018,XXX/STD|Mar:2018,XXX/STD|Feb:2018,XXX/STD|Jan:2018,XXX/STD|Dec:2017,XXX/STD|Nov:2017,XXX/XXX|</COMBINED-PAYMENT-HISTORY>
						<MATCHED-TYPE>PRIMARY</MATCHED-TYPE>
						<SUIT-FILED_WILFUL-DEFAULT>No Suit filed</SUIT-FILED_WILFUL-DEFAULT>
						<SECURITY-DETAILS></SECURITY-DETAILS>
						<LINKED-ACCOUNTS></LINKED-ACCOUNTS>
					</LOAN-DETAILS>
				</RESPONSE>
				<RESPONSE>
					<LOAN-DETAILS>
						<ACCT-NUMBER>XXXX</ACCT-NUMBER>
						<CREDIT-GUARANTOR>XXXX</CREDIT-GUARANTOR>
						<ACCT-TYPE>Credit Card</ACCT-TYPE>
						<DATE-REPORTED>10-04-2014</DATE-REPORTED>
						<OWNERSHIP-IND>Individual</OWNERSHIP-IND>
						<ACCOUNT-STATUS>Closed</ACCOUNT-STATUS>
						<DISBURSED-AMT>0</DISBURSED-AMT>
						<DISBURSED-DATE>07-06-2010</DISBURSED-DATE>
						<LAST-PAYMENT-DATE>10-04-2014</LAST-PAYMENT-DATE>
						<CLOSED-DATE>10-04-2014</CLOSED-DATE>
						<OVERDUE-AMT>0</OVERDUE-AMT>
						<WRITE-OFF-AMT>0</WRITE-OFF-AMT>
						<CURRENT-BAL>0</CURRENT-BAL>
						<SECURITY-STATUS>Un-secured</SECURITY-STATUS>
						<COMBINED-PAYMENT-HISTORY>Apr:2014,000/XXX|Mar:2014,XXX/XXX|Feb:2014,XXX/XXX|Jan:2014,XXX/XXX|Dec:2013,XXX/XXX|Nov:2013,XXX/XXX|Oct:2013,XXX/XXX|Sep:2013,XXX/XXX|Aug:2013,XXX/XXX|Jul:2013,XXX/XXX|Jun:2013,XXX/XXX|May:2013,XXX/XXX|Apr:2013,XXX/XXX|Mar:2013,XXX/XXX|Feb:2013,XXX/XXX|Jan:2013,XXX/XXX|Dec:2012,XXX/XXX|Nov:2012,XXX/XXX|Oct:2012,XXX/XXX|Sep:2012,XXX/XXX|Aug:2012,XXX/XXX|Jul:2012,XXX/XXX|Jun:2012,XXX/XXX|May:2012,XXX/XXX|Apr:2012,XXX/XXX|Mar:2012,XXX/XXX|Feb:2012,XXX/XXX|Jan:2012,XXX/XXX|Dec:2011,XXX/XXX|Nov:2011,XXX/XXX|Oct:2011,XXX/XXX|Sep:2011,XXX/XXX|Aug:2011,XXX/XXX|Jul:2011,XXX/XXX|Jun:2011,XXX/XXX|May:2011,XXX/XXX|</COMBINED-PAYMENT-HISTORY>
						<MATCHED-TYPE>PRIMARY</MATCHED-TYPE>
						<SUIT-FILED_WILFUL-DEFAULT>No Suit filed</SUIT-FILED_WILFUL-DEFAULT>
						<SECURITY-DETAILS></SECURITY-DETAILS>
						<LINKED-ACCOUNTS></LINKED-ACCOUNTS>
					</LOAN-DETAILS>
				</RESPONSE>
				<RESPONSE>
					<LOAN-DETAILS>
						<ACCT-NUMBER>XXXX</ACCT-NUMBER>
						<CREDIT-GUARANTOR>XXXX</CREDIT-GUARANTOR>
						<ACCT-TYPE>Credit Card</ACCT-TYPE>
						<DATE-REPORTED>30-04-2019</DATE-REPORTED>
						<OWNERSHIP-IND>Individual</OWNERSHIP-IND>
						<ACCOUNT-STATUS>Active</ACCOUNT-STATUS>
						<DISBURSED-AMT>1,14,304</DISBURSED-AMT>
						<DISBURSED-DATE>09-08-2010</DISBURSED-DATE>
						<LAST-PAYMENT-DATE>26-04-2019</LAST-PAYMENT-DATE>
						<WRITE-OFF-AMT>0</WRITE-OFF-AMT>
						<CURRENT-BAL>2</CURRENT-BAL>
						<SECURITY-STATUS>Un-secured</SECURITY-STATUS>
						<COMBINED-PAYMENT-HISTORY>Apr:2019,000/XXX|Mar:2019,000/XXX|Feb:2019,000/XXX|Jan:2019,000/XXX|Dec:2018,000/XXX|Nov:2018,000/XXX|Oct:2018,000/XXX|Sep:2018,000/XXX|Aug:2018,000/XXX|Jul:2018,000/XXX|Jun:2018,000/XXX|May:2018,000/XXX|Apr:2018,000/XXX|Mar:2018,000/XXX|Feb:2018,000/XXX|Jan:2018,000/XXX|Dec:2017,000/XXX|Nov:2017,000/XXX|Oct:2017,000/XXX|Sep:2017,000/XXX|Aug:2017,000/XXX|Jul:2017,000/XXX|Jun:2017,000/XXX|May:2017,000/XXX|Apr:2017,000/XXX|Mar:2017,000/XXX|Feb:2017,000/XXX|Jan:2017,000/XXX|Dec:2016,000/XXX|Nov:2016,000/XXX|Oct:2016,000/XXX|Sep:2016,000/XXX|Aug:2016,000/XXX|Jul:2016,XXX/XXX|Jun:2016,XXX/XXX|May:2016,XXX/XXX|</COMBINED-PAYMENT-HISTORY>
						<MATCHED-TYPE>PRIMARY</MATCHED-TYPE>
						<SECURITY-DETAILS></SECURITY-DETAILS>
						<LINKED-ACCOUNTS>
							<ACCOUNT-DETAILS>
								<ACCT-NUMBER>XXXX</ACCT-NUMBER>
								<CREDIT-GUARANTOR>XXXX</CREDIT-GUARANTOR>
								<ACCT-TYPE>Credit Card</ACCT-TYPE>
								<DATE-REPORTED>31-07-2017</DATE-REPORTED>
								<OWNERSHIP-IND>Individual</OWNERSHIP-IND>
								<ACCOUNT-STATUS>Active</ACCOUNT-STATUS>
								<DISBURSED-AMT>1,14,304</DISBURSED-AMT>
								<DISBURSED-DATE>09-08-2010</DISBURSED-DATE>
								<LAST-PAYMENT-DATE>29-07-2017</LAST-PAYMENT-DATE>
								<CURRENT-BAL>92,530</CURRENT-BAL>
								<SECURITY-DETAILS></SECURITY-DETAILS>
							</ACCOUNT-DETAILS>
							<ACCOUNT-DETAILS>
								<ACCT-NUMBER>XXXX</ACCT-NUMBER>
								<CREDIT-GUARANTOR>XXXX</CREDIT-GUARANTOR>
								<ACCT-TYPE>Credit Card</ACCT-TYPE>
								<DATE-REPORTED>31-01-2019</DATE-REPORTED>
								<OWNERSHIP-IND>Individual</OWNERSHIP-IND>
								<ACCOUNT-STATUS>Active</ACCOUNT-STATUS>
								<DISBURSED-AMT>1,14,304</DISBURSED-AMT>
								<DISBURSED-DATE>09-08-2010</DISBURSED-DATE>
								<LAST-PAYMENT-DATE>29-01-2019</LAST-PAYMENT-DATE>
								<CURRENT-BAL>79,355</CURRENT-BAL>
								<SECURITY-DETAILS></SECURITY-DETAILS>
							</ACCOUNT-DETAILS>
						</LINKED-ACCOUNTS>
					</LOAN-DETAILS>
				</RESPONSE>
				<RESPONSE>
					<LOAN-DETAILS>
						<ACCT-NUMBER>XXXX</ACCT-NUMBER>
						<CREDIT-GUARANTOR>XXXX</CREDIT-GUARANTOR>
						<ACCT-TYPE>Credit Card</ACCT-TYPE>
						<DATE-REPORTED>05-05-2019</DATE-REPORTED>
						<OWNERSHIP-IND>Individual</OWNERSHIP-IND>
						<ACCOUNT-STATUS>Closed</ACCOUNT-STATUS>
						<DISBURSED-AMT>3,29,914</DISBURSED-AMT>
						<DISBURSED-DATE>01-06-2013</DISBURSED-DATE>
						<LAST-PAYMENT-DATE>01-04-2019</LAST-PAYMENT-DATE>
						<CLOSED-DATE>02-11-2015</CLOSED-DATE>
						<OVERDUE-AMT>0</OVERDUE-AMT>
						<WRITE-OFF-AMT>0</WRITE-OFF-AMT>
						<CURRENT-BAL>-1,077</CURRENT-BAL>
						<CREDIT-LIMIT>2,83,000</CREDIT-LIMIT>
						<SECURITY-STATUS>Un-secured</SECURITY-STATUS>
						<COMBINED-PAYMENT-HISTORY>Oct:2015,XXX/XXX|Sep:2015,XXX/XXX|Aug:2015,XXX/XXX|Jul:2015,XXX/XXX|Jun:2015,XXX/XXX|May:2015,XXX/XXX|Apr:2015,XXX/XXX|Mar:2015,XXX/XXX|Feb:2015,XXX/XXX|Jan:2015,XXX/XXX|Dec:2014,XXX/XXX|Nov:2014,XXX/XXX|Oct:2014,XXX/XXX|Sep:2014,XXX/XXX|Aug:2014,XXX/XXX|Jul:2014,XXX/XXX|Jun:2014,XXX/XXX|May:2014,XXX/XXX|Apr:2014,XXX/XXX|Mar:2014,XXX/XXX|Feb:2014,XXX/XXX|Jan:2014,XXX/XXX|Dec:2013,XXX/XXX|Nov:2013,XXX/XXX|Oct:2013,XXX/XXX|Sep:2013,XXX/XXX|Aug:2013,XXX/XXX|Jul:2013,XXX/XXX|</COMBINED-PAYMENT-HISTORY>
						<MATCHED-TYPE>PRIMARY</MATCHED-TYPE>
						<CASH-LIMIT>56,600</CASH-LIMIT>
						<ACTUAL-PAYMENT>132</ACTUAL-PAYMENT>
						<SECURITY-DETAILS></SECURITY-DETAILS>
						<LINKED-ACCOUNTS>
							<ACCOUNT-DETAILS>
								<ACCT-NUMBER>XXXX</ACCT-NUMBER>
								<CREDIT-GUARANTOR>XXXX</CREDIT-GUARANTOR>
								<ACCT-TYPE>Credit Card</ACCT-TYPE>
								<DATE-REPORTED>12-09-2013</DATE-REPORTED>
								<OWNERSHIP-IND>Individual</OWNERSHIP-IND>
								<ACCOUNT-STATUS>Closed</ACCOUNT-STATUS>
								<DISBURSED-AMT>2,82,621</DISBURSED-AMT>
								<DISBURSED-DATE>01-06-2013</DISBURSED-DATE>
								<LAST-PAYMENT-DATE>16-08-2013</LAST-PAYMENT-DATE>
								<CLOSE-DATE>11-02-2015</CLOSE-DATE>
								<OVERDUE-AMT>0</OVERDUE-AMT>
								<CURRENT-BAL>-1,000</CURRENT-BAL>
								<CREDIT-LIMIT>2,83,000</CREDIT-LIMIT>
								<SECURITY-DETAILS></SECURITY-DETAILS>
							</ACCOUNT-DETAILS>
						</LINKED-ACCOUNTS>
					</LOAN-DETAILS>
				</RESPONSE>
			</RESPONSES>
			<INDV-RESPONSES>
				<PRIMARY-SUMMARY>
					<NO-OF-DEFAULT-ACCOUNTS>0</NO-OF-DEFAULT-ACCOUNTS>
					<TOTAL-RESPONSES>0</TOTAL-RESPONSES>
					<NO-OF-CLOSED-ACCOUNTS>0</NO-OF-CLOSED-ACCOUNTS>
					<NO-OF-ACTIVE-ACCOUNTS>0</NO-OF-ACTIVE-ACCOUNTS>
					<NO-OF-OTHER-MFIS>0</NO-OF-OTHER-MFIS>
					<NO-OF-OWN-MFIS>0</NO-OF-OWN-MFIS>
				</PRIMARY-SUMMARY>
				<SECONDARY-SUMMARY>
					<NO-OF-DEFAULT-ACCOUNTS>0</NO-OF-DEFAULT-ACCOUNTS>
					<TOTAL-RESPONSES>0</TOTAL-RESPONSES>
					<NO-OF-CLOSED-ACCOUNTS>0</NO-OF-CLOSED-ACCOUNTS>
					<NO-OF-ACTIVE-ACCOUNTS>0</NO-OF-ACTIVE-ACCOUNTS>
					<NO-OF-OTHER-MFIS>0</NO-OF-OTHER-MFIS>
					<NO-OF-OWN-MFIS>0</NO-OF-OWN-MFIS>
				</SECONDARY-SUMMARY>
				<SUMMARY>
					<STATUS>SUCCESS</STATUS>
					<TOTAL-RESPONSES>0</TOTAL-RESPONSES>
					<NO-OF-OTHER-MFIS>0</NO-OF-OTHER-MFIS>
					<NO-OF-DEFAULT-ACCOUNTS>0</NO-OF-DEFAULT-ACCOUNTS>
					<OWN-MFI-INDECATOR>false</OWN-MFI-INDECATOR>
					<NO-OF-CLOSED-ACCOUNTS>0</NO-OF-CLOSED-ACCOUNTS>
					<NO-OF-ACTIVE-ACCOUNTS>0</NO-OF-ACTIVE-ACCOUNTS>
					<NO-OF-OWN-MFIS>0</NO-OF-OWN-MFIS>
				</SUMMARY>
				<INDV-RESPONSE-LIST></INDV-RESPONSE-LIST>
			</INDV-RESPONSES>
			<GRP-RESPONSES>
				<PRIMARY-SUMMARY>
					<NO-OF-DEFAULT-ACCOUNTS>0</NO-OF-DEFAULT-ACCOUNTS>
					<TOTAL-RESPONSES>0</TOTAL-RESPONSES>
					<NO-OF-CLOSED-ACCOUNTS>0</NO-OF-CLOSED-ACCOUNTS>
					<NO-OF-ACTIVE-ACCOUNTS>0</NO-OF-ACTIVE-ACCOUNTS>
					<NO-OF-OTHER-MFIS>0</NO-OF-OTHER-MFIS>
					<NO-OF-OWN-MFIS>0</NO-OF-OWN-MFIS>
				</PRIMARY-SUMMARY>
				<SECONDARY-SUMMARY>
					<NO-OF-DEFAULT-ACCOUNTS>0</NO-OF-DEFAULT-ACCOUNTS>
					<TOTAL-RESPONSES>0</TOTAL-RESPONSES>
					<NO-OF-CLOSED-ACCOUNTS>0</NO-OF-CLOSED-ACCOUNTS>
					<NO-OF-ACTIVE-ACCOUNTS>0</NO-OF-ACTIVE-ACCOUNTS>
					<NO-OF-OTHER-MFIS>0</NO-OF-OTHER-MFIS>
					<NO-OF-OWN-MFIS>0</NO-OF-OWN-MFIS>
				</SECONDARY-SUMMARY>
				<SUMMARY>
					<STATUS>SUCCESS</STATUS>
					<TOTAL-RESPONSES>0</TOTAL-RESPONSES>
					<NO-OF-OTHER-MFIS>0</NO-OF-OTHER-MFIS>
					<NO-OF-DEFAULT-ACCOUNTS>0</NO-OF-DEFAULT-ACCOUNTS>
					<OWN-MFI-INDECATOR>false</OWN-MFI-INDECATOR>
					<NO-OF-CLOSED-ACCOUNTS>0</NO-OF-CLOSED-ACCOUNTS>
					<NO-OF-ACTIVE-ACCOUNTS>0</NO-OF-ACTIVE-ACCOUNTS>
					<NO-OF-OWN-MFIS>0</NO-OF-OWN-MFIS>
				</SUMMARY>
				<GRP-RESPONSE-LIST></GRP-RESPONSE-LIST>
			</GRP-RESPONSES>
		</INDV-REPORT>
	</INDV-REPORTS>
</INDV-REPORT-FILE>