<?xml version="1.0" encoding="utf-8"?>
<INDV-REPORT-FILE>
	<INDV-REPORTS>
		<INDV-REPORT>
			<HEADER>
				<DATE-OF-REQUEST>24-06-2019 05:49:26</DATE-OF-REQUEST>
				<PREPARED-FOR>FICCL GOUPWARDS</PREPARED-FOR>
				<PREPARED-FOR-ID>NBF0002574</PREPARED-FOR-ID>
				<DATE-OF-ISSUE>24-06-2019</DATE-OF-ISSUE>
				<BATCH-ID>386067834190624</BATCH-ID>
				<REPORT-ID>FICC190624CR526084680</REPORT-ID>
			</HEADER>
			<STATUS-DETAILS>
				<STATUS>
					<OPTION>CNS-SCORE</OPTION>
					<OPTION-STATUS>SUCCESS</OPTION-STATUS>
					<ERRORS></ERRORS>
				</STATUS>
				<STATUS>
					<OPTION>MFI-INDV</OPTION>
					<OPTION-STATUS>NO RESPONSE FOUND</OPTION-STATUS>
					<ERRORS>
						<ERROR></ERROR>
					</ERRORS>
				</STATUS>
				<STATUS>
					<OPTION>MFI-GRP</OPTION>
					<OPTION-STATUS>NO RESPONSE FOUND</OPTION-STATUS>
					<ERRORS>
						<ERROR></ERROR>
					</ERRORS>
				</STATUS>
				<STATUS>
					<OPTION>CNS_INDV</OPTION>
					<OPTION-STATUS>SUCCESS</OPTION-STATUS>
					<ERRORS></ERRORS>
				</STATUS>
				<STATUS>
					<OPTION>INQUIRY-HISTORY</OPTION>
					<OPTION-STATUS>SUCCESS</OPTION-STATUS>
					<ERRORS></ERRORS>
				</STATUS>
			</STATUS-DETAILS>
			<SECONDARY-MATCHES></SECONDARY-MATCHES>
			<ACCOUNTS-SUMMARY>
				<DERIVED-ATTRIBUTES>
					<INQUIRIES-IN-LAST-SIX-MONTHS>4</INQUIRIES-IN-LAST-SIX-MONTHS>
					<LENGTH-OF-CREDIT-HISTORY-YEAR>11</LENGTH-OF-CREDIT-HISTORY-YEAR>
					<LENGTH-OF-CREDIT-HISTORY-MONTH>0</LENGTH-OF-CREDIT-HISTORY-MONTH>
					<AVERAGE-ACCOUNT-AGE-YEAR>2</AVERAGE-ACCOUNT-AGE-YEAR>
					<AVERAGE-ACCOUNT-AGE-MONTH>10</AVERAGE-ACCOUNT-AGE-MONTH>
					<NEW-ACCOUNTS-IN-LAST-SIX-MONTHS>0</NEW-ACCOUNTS-IN-LAST-SIX-MONTHS>
					<NEW-DELINQ-ACCOUNT-IN-LAST-SIX-MONTHS>0</NEW-DELINQ-ACCOUNT-IN-LAST-SIX-MONTHS>
				</DERIVED-ATTRIBUTES>
				<PRIMARY-ACCOUNTS-SUMMARY>
					<PRIMARY-NUMBER-OF-ACCOUNTS>17</PRIMARY-NUMBER-OF-ACCOUNTS>
					<PRIMARY-ACTIVE-NUMBER-OF-ACCOUNTS>4</PRIMARY-ACTIVE-NUMBER-OF-ACCOUNTS>
					<PRIMARY-OVERDUE-NUMBER-OF-ACCOUNTS>0</PRIMARY-OVERDUE-NUMBER-OF-ACCOUNTS>
					<PRIMARY-SECURED-NUMBER-OF-ACCOUNTS>0</PRIMARY-SECURED-NUMBER-OF-ACCOUNTS>
					<PRIMARY-UNSECURED-NUMBER-OF-ACCOUNTS>0</PRIMARY-UNSECURED-NUMBER-OF-ACCOUNTS>
					<PRIMARY-UNTAGGED-NUMBER-OF-ACCOUNTS>0</PRIMARY-UNTAGGED-NUMBER-OF-ACCOUNTS>
					<PRIMARY-CURRENT-BALANCE>787201</PRIMARY-CURRENT-BALANCE>
					<PRIMARY-SANCTIONED-AMOUNT>800182</PRIMARY-SANCTIONED-AMOUNT>
					<PRIMARY-DISBURSED-AMOUNT>800182</PRIMARY-DISBURSED-AMOUNT>
				</PRIMARY-ACCOUNTS-SUMMARY>
				<SECONDARY-ACCOUNTS-SUMMARY>
					<SECONDARY-NUMBER-OF-ACCOUNTS>0</SECONDARY-NUMBER-OF-ACCOUNTS>
					<SECONDARY-ACTIVE-NUMBER-OF-ACCOUNTS>0</SECONDARY-ACTIVE-NUMBER-OF-ACCOUNTS>
					<SECONDARY-OVERDUE-NUMBER-OF-ACCOUNTS>0</SECONDARY-OVERDUE-NUMBER-OF-ACCOUNTS>
					<SECONDARY-SECURED-NUMBER-OF-ACCOUNTS>0</SECONDARY-SECURED-NUMBER-OF-ACCOUNTS>
					<SECONDARY-UNSECURED-NUMBER-OF-ACCOUNTS>0</SECONDARY-UNSECURED-NUMBER-OF-ACCOUNTS>
					<SECONDARY-UNTAGGED-NUMBER-OF-ACCOUNTS>0</SECONDARY-UNTAGGED-NUMBER-OF-ACCOUNTS>
					<SECONDARY-CURRENT-BALANCE>0</SECONDARY-CURRENT-BALANCE>
					<SECONDARY-SANCTIONED-AMOUNT>0</SECONDARY-SANCTIONED-AMOUNT>
					<SECONDARY-DISBURSED-AMOUNT>0</SECONDARY-DISBURSED-AMOUNT>
				</SECONDARY-ACCOUNTS-SUMMARY>
			</ACCOUNTS-SUMMARY>
			<ALERTS>
				<ALERT>
					<ALERT-DESC>NO</ALERT-DESC>
				</ALERT>
			</ALERTS>
			<SCORES>
				<SCORE>
					<SCORE-TYPE>PERFORM-Consumer</SCORE-TYPE>
					<SCORE-VALUE>645</SCORE-VALUE>
					<SCORE-COMMENTS>J-High Risk</SCORE-COMMENTS>
				</SCORE>
			</SCORES>
			<INQUIRY-HISTORY>
				<HISTORY>
					<MEMBER-NAME>XXXX</MEMBER-NAME>
					<INQUIRY-DATE>23-05-2018</INQUIRY-DATE>
					<PURPOSE>Working Capital Loans</PURPOSE>
					<AMOUNT>3,00,000</AMOUNT>
					<REMARK></REMARK>
				</HISTORY>
				<HISTORY>
					<MEMBER-NAME>XXXX</MEMBER-NAME>
					<INQUIRY-DATE>21-11-2017</INQUIRY-DATE>
					<PURPOSE>Working Capital Loans</PURPOSE>
					<AMOUNT>3,00,000</AMOUNT>
					<REMARK></REMARK>
				</HISTORY>
				<HISTORY>
					<MEMBER-NAME>XXXX</MEMBER-NAME>
					<INQUIRY-DATE>23-04-2018</INQUIRY-DATE>
					<PURPOSE>Auto Loan (Personal)</PURPOSE>
					<AMOUNT>4,00,000</AMOUNT>
					<REMARK></REMARK>
				</HISTORY>
				<HISTORY>
					<MEMBER-NAME>XXXX</MEMBER-NAME>
					<INQUIRY-DATE>17-08-2017</INQUIRY-DATE>
					<PURPOSE>Business Loan-General</PURPOSE>
					<AMOUNT>0</AMOUNT>
					<REMARK></REMARK>
				</HISTORY>
			</INQUIRY-HISTORY>
			<RESPONSES>
				<RESPONSE>
					<LOAN-DETAILS>
						<ACCT-NUMBER>XXXX</ACCT-NUMBER>
						<CREDIT-GUARANTOR>XXXX</CREDIT-GUARANTOR>
						<ACCT-TYPE>Gold Loan</ACCT-TYPE>
						<DATE-REPORTED>30-09-2017</DATE-REPORTED>
						<OWNERSHIP-IND>Individual</OWNERSHIP-IND>
						<ACCOUNT-STATUS>Closed</ACCOUNT-STATUS>
						<DISBURSED-AMT>1,29,000</DISBURSED-AMT>
						<DISBURSED-DATE>02-12-2016</DISBURSED-DATE>
						<LAST-PAYMENT-DATE>06-09-2017</LAST-PAYMENT-DATE>
						<CLOSED-DATE>06-09-2017</CLOSED-DATE>
						<OVERDUE-AMT>0</OVERDUE-AMT>
						<WRITE-OFF-AMT>0</WRITE-OFF-AMT>
						<CURRENT-BAL>0</CURRENT-BAL>
						<SECURITY-STATUS>Secured</SECURITY-STATUS>
						<COMBINED-PAYMENT-HISTORY>Sep:2017,000/STD|Aug:2017,090/STD|Jul:2017,059/STD|Jun:2017,028/STD|May:2017,000/STD|Apr:2017,000/STD|Mar:2017,000/STD|Feb:2017,000/STD|Jan:2017,000/STD|Dec:2016,000/STD|</COMBINED-PAYMENT-HISTORY>
						<MATCHED-TYPE>PRIMARY</MATCHED-TYPE>
						<ACTUAL-PAYMENT>0</ACTUAL-PAYMENT>
						<SECURITY-DETAILS>
							<SECURITY-DETAIL>
								<SECURITY-TYPE></SECURITY-TYPE>
								<OWNER-NAME></OWNER-NAME>
								<SECURITY-VALUE>0</SECURITY-VALUE>
								<DATE-OF-VALUE></DATE-OF-VALUE>
								<SECURITY-CHARGE></SECURITY-CHARGE>
								<PROPERTY-ADDRESS></PROPERTY-ADDRESS>
								<AUTOMOBILE-TYPE></AUTOMOBILE-TYPE>
								<YEAR-OF-MANUFACTURE></YEAR-OF-MANUFACTURE>
								<REGISTRATION-NUMBER></REGISTRATION-NUMBER>
								<ENGINE-NUMBER></ENGINE-NUMBER>
								<CHASSIS-NUMBER></CHASSIS-NUMBER>
							</SECURITY-DETAIL>
						</SECURITY-DETAILS>
						<LINKED-ACCOUNTS></LINKED-ACCOUNTS>
					</LOAN-DETAILS>
				</RESPONSE>
				<RESPONSE>
					<LOAN-DETAILS>
						<ACCT-NUMBER>XXXX</ACCT-NUMBER>
						<CREDIT-GUARANTOR>XXXX</CREDIT-GUARANTOR>
						<ACCT-TYPE>Gold Loan</ACCT-TYPE>
						<DATE-REPORTED>30-09-2017</DATE-REPORTED>
						<OWNERSHIP-IND>Individual</OWNERSHIP-IND>
						<ACCOUNT-STATUS>Closed</ACCOUNT-STATUS>
						<DISBURSED-AMT>87,700</DISBURSED-AMT>
						<DISBURSED-DATE>02-12-2016</DISBURSED-DATE>
						<LAST-PAYMENT-DATE>06-09-2017</LAST-PAYMENT-DATE>
						<CLOSED-DATE>06-09-2017</CLOSED-DATE>
						<OVERDUE-AMT>0</OVERDUE-AMT>
						<WRITE-OFF-AMT>0</WRITE-OFF-AMT>
						<CURRENT-BAL>0</CURRENT-BAL>
						<SECURITY-STATUS>Secured</SECURITY-STATUS>
						<COMBINED-PAYMENT-HISTORY>Sep:2017,000/STD|Aug:2017,090/STD|Jul:2017,059/STD|Jun:2017,028/STD|May:2017,000/STD|Apr:2017,000/STD|Mar:2017,000/STD|Feb:2017,000/STD|Jan:2017,000/STD|Dec:2016,000/STD|</COMBINED-PAYMENT-HISTORY>
						<MATCHED-TYPE>PRIMARY</MATCHED-TYPE>
						<ACTUAL-PAYMENT>0</ACTUAL-PAYMENT>
						<SECURITY-DETAILS>
							<SECURITY-DETAIL>
								<SECURITY-TYPE></SECURITY-TYPE>
								<OWNER-NAME></OWNER-NAME>
								<SECURITY-VALUE>0</SECURITY-VALUE>
								<DATE-OF-VALUE></DATE-OF-VALUE>
								<SECURITY-CHARGE></SECURITY-CHARGE>
								<PROPERTY-ADDRESS></PROPERTY-ADDRESS>
								<AUTOMOBILE-TYPE></AUTOMOBILE-TYPE>
								<YEAR-OF-MANUFACTURE></YEAR-OF-MANUFACTURE>
								<REGISTRATION-NUMBER></REGISTRATION-NUMBER>
								<ENGINE-NUMBER></ENGINE-NUMBER>
								<CHASSIS-NUMBER></CHASSIS-NUMBER>
							</SECURITY-DETAIL>
						</SECURITY-DETAILS>
						<LINKED-ACCOUNTS></LINKED-ACCOUNTS>
					</LOAN-DETAILS>
				</RESPONSE>
				<RESPONSE>
					<LOAN-DETAILS>
						<ACCT-NUMBER>XXXX</ACCT-NUMBER>
						<CREDIT-GUARANTOR>XXXX</CREDIT-GUARANTOR>
						<ACCT-TYPE>Gold Loan</ACCT-TYPE>
						<DATE-REPORTED>31-03-2017</DATE-REPORTED>
						<OWNERSHIP-IND>Individual</OWNERSHIP-IND>
						<ACCOUNT-STATUS>Closed</ACCOUNT-STATUS>
						<DISBURSED-AMT>2,91,500</DISBURSED-AMT>
						<DISBURSED-DATE>10-06-2016</DISBURSED-DATE>
						<LAST-PAYMENT-DATE>31-03-2017</LAST-PAYMENT-DATE>
						<CLOSED-DATE>31-03-2017</CLOSED-DATE>
						<OVERDUE-AMT>0</OVERDUE-AMT>
						<WRITE-OFF-AMT>0</WRITE-OFF-AMT>
						<CURRENT-BAL>0</CURRENT-BAL>
						<SECURITY-STATUS>Secured</SECURITY-STATUS>
						<PRINCIPAL-WRITE-OFF-AMT>0</PRINCIPAL-WRITE-OFF-AMT>
						<COMBINED-PAYMENT-HISTORY>Mar:2017,000/STD|Feb:2017,080/STD|Jan:2017,052/STD|Dec:2016,021/STD|Nov:2016,000/STD|Oct:2016,000/STD|Sep:2016,000/STD|Aug:2016,000/STD|Jul:2016,000/STD|Jun:2016,000/STD|</COMBINED-PAYMENT-HISTORY>
						<MATCHED-TYPE>PRIMARY</MATCHED-TYPE>
						<ACTUAL-PAYMENT>3,10,177</ACTUAL-PAYMENT>
						<SECURITY-DETAILS>
							<SECURITY-DETAIL>
								<SECURITY-TYPE></SECURITY-TYPE>
								<OWNER-NAME></OWNER-NAME>
								<SECURITY-VALUE>0</SECURITY-VALUE>
								<DATE-OF-VALUE></DATE-OF-VALUE>
								<SECURITY-CHARGE></SECURITY-CHARGE>
								<PROPERTY-ADDRESS></PROPERTY-ADDRESS>
								<AUTOMOBILE-TYPE></AUTOMOBILE-TYPE>
								<YEAR-OF-MANUFACTURE></YEAR-OF-MANUFACTURE>
								<REGISTRATION-NUMBER></REGISTRATION-NUMBER>
								<ENGINE-NUMBER></ENGINE-NUMBER>
								<CHASSIS-NUMBER></CHASSIS-NUMBER>
							</SECURITY-DETAIL>
						</SECURITY-DETAILS>
						<LINKED-ACCOUNTS></LINKED-ACCOUNTS>
					</LOAN-DETAILS>
				</RESPONSE>
				<RESPONSE>
					<LOAN-DETAILS>
						<ACCT-NUMBER>XXXX</ACCT-NUMBER>
						<CREDIT-GUARANTOR>XXXX</CREDIT-GUARANTOR>
						<ACCT-TYPE>Credit Card</ACCT-TYPE>
						<DATE-REPORTED>30-04-2019</DATE-REPORTED>
						<OWNERSHIP-IND>Individual</OWNERSHIP-IND>
						<ACCOUNT-STATUS>Active</ACCOUNT-STATUS>
						<DISBURSED-AMT>45,614</DISBURSED-AMT>
						<DISBURSED-DATE>05-04-2008</DISBURSED-DATE>
						<LAST-PAYMENT-DATE>29-04-2019</LAST-PAYMENT-DATE>
						<WRITE-OFF-AMT>0</WRITE-OFF-AMT>
						<CURRENT-BAL>26,955</CURRENT-BAL>
						<SECURITY-STATUS>Un-secured</SECURITY-STATUS>
						<COMBINED-PAYMENT-HISTORY>Apr:2019,000/XXX|Mar:2019,000/XXX|Feb:2019,000/XXX|Jan:2019,000/XXX|Dec:2018,000/XXX|Nov:2018,000/XXX|Oct:2018,000/XXX|Sep:2018,000/XXX|Aug:2018,000/XXX|Jul:2018,000/XXX|Jun:2018,000/XXX|May:2018,000/XXX|Apr:2018,000/XXX|Mar:2018,000/XXX|Feb:2018,000/XXX|Jan:2018,000/XXX|Dec:2017,000/XXX|Nov:2017,000/XXX|Oct:2017,000/XXX|Sep:2017,000/XXX|Aug:2017,000/XXX|Jul:2017,000/XXX|Jun:2017,000/XXX|May:2017,000/XXX|Apr:2017,000/XXX|Mar:2017,000/XXX|Feb:2017,000/XXX|Jan:2017,000/XXX|Dec:2016,000/XXX|Nov:2016,000/XXX|Oct:2016,000/XXX|Sep:2016,000/XXX|Aug:2016,000/XXX|Jul:2016,000/XXX|Jun:2016,000/XXX|May:2016,027/XXX|</COMBINED-PAYMENT-HISTORY>
						<MATCHED-TYPE>PRIMARY</MATCHED-TYPE>
						<SECURITY-DETAILS></SECURITY-DETAILS>
						<LINKED-ACCOUNTS>
							<ACCOUNT-DETAILS>
								<ACCT-NUMBER>XXXX</ACCT-NUMBER>
								<CREDIT-GUARANTOR>XXXX</CREDIT-GUARANTOR>
								<ACCT-TYPE>Credit Card</ACCT-TYPE>
								<DATE-REPORTED>31-10-2016</DATE-REPORTED>
								<OWNERSHIP-IND>Individual</OWNERSHIP-IND>
								<ACCOUNT-STATUS>Active</ACCOUNT-STATUS>
								<DISBURSED-AMT>45,614</DISBURSED-AMT>
								<DISBURSED-DATE>05-04-2008</DISBURSED-DATE>
								<LAST-PAYMENT-DATE>11-10-2016</LAST-PAYMENT-DATE>
								<CURRENT-BAL>29,160</CURRENT-BAL>
								<SECURITY-DETAILS></SECURITY-DETAILS>
							</ACCOUNT-DETAILS>
							<ACCOUNT-DETAILS>
								<ACCT-NUMBER>XXXX</ACCT-NUMBER>
								<CREDIT-GUARANTOR>XXXX</CREDIT-GUARANTOR>
								<ACCT-TYPE>Credit Card</ACCT-TYPE>
								<DATE-REPORTED>31-07-2018</DATE-REPORTED>
								<OWNERSHIP-IND>Individual</OWNERSHIP-IND>
								<ACCOUNT-STATUS>Active</ACCOUNT-STATUS>
								<DISBURSED-AMT>45,614</DISBURSED-AMT>
								<DISBURSED-DATE>05-04-2008</DISBURSED-DATE>
								<LAST-PAYMENT-DATE>17-07-2018</LAST-PAYMENT-DATE>
								<CURRENT-BAL>11,780</CURRENT-BAL>
								<SECURITY-DETAILS></SECURITY-DETAILS>
							</ACCOUNT-DETAILS>
							<ACCOUNT-DETAILS>
								<ACCT-NUMBER>XXXX</ACCT-NUMBER>
								<CREDIT-GUARANTOR>XXXX</CREDIT-GUARANTOR>
								<ACCT-TYPE>Credit Card</ACCT-TYPE>
								<DATE-REPORTED>31-07-2015</DATE-REPORTED>
								<OWNERSHIP-IND>Individual</OWNERSHIP-IND>
								<ACCOUNT-STATUS>Active</ACCOUNT-STATUS>
								<DISBURSED-AMT>45,614</DISBURSED-AMT>
								<DISBURSED-DATE>05-04-2008</DISBURSED-DATE>
								<LAST-PAYMENT-DATE>24-06-2015</LAST-PAYMENT-DATE>
								<CURRENT-BAL>32,037</CURRENT-BAL>
								<SECURITY-DETAILS></SECURITY-DETAILS>
							</ACCOUNT-DETAILS>
						</LINKED-ACCOUNTS>
					</LOAN-DETAILS>
				</RESPONSE>
				<RESPONSE>
					<LOAN-DETAILS>
						<ACCT-NUMBER>XXXX</ACCT-NUMBER>
						<CREDIT-GUARANTOR>XXXX</CREDIT-GUARANTOR>
						<ACCT-TYPE>Gold Loan</ACCT-TYPE>
						<DATE-REPORTED>30-09-2015</DATE-REPORTED>
						<OWNERSHIP-IND>Individual</OWNERSHIP-IND>
						<ACCOUNT-STATUS>Closed</ACCOUNT-STATUS>
						<DISBURSED-AMT>2,99,000</DISBURSED-AMT>
						<DISBURSED-DATE>26-06-2014</DISBURSED-DATE>
						<LAST-PAYMENT-DATE>24-09-2015</LAST-PAYMENT-DATE>
						<CLOSED-DATE>24-09-2015</CLOSED-DATE>
						<OVERDUE-AMT>0</OVERDUE-AMT>
						<WRITE-OFF-AMT>0</WRITE-OFF-AMT>
						<CURRENT-BAL>0</CURRENT-BAL>
						<SECURITY-STATUS>Secured</SECURITY-STATUS>
						<COMBINED-PAYMENT-HISTORY>Sep:2015,000/STD|Aug:2015,066/STD|Jul:2015,035/STD|Jun:2015,004/STD|May:2015,000/STD|Apr:2015,000/STD|Mar:2015,000/STD|Feb:2015,000/STD|Jan:2015,000/STD|Dec:2014,000/STD|Nov:2014,000/STD|Oct:2014,000/STD|Sep:2014,000/STD|Aug:2014,000/STD|Jul:2014,000/STD|Jun:2014,000/STD|</COMBINED-PAYMENT-HISTORY>
						<MATCHED-TYPE>PRIMARY</MATCHED-TYPE>
						<WRITTEN-OFF_SETTLED-STATUS></WRITTEN-OFF_SETTLED-STATUS>
						<ACTUAL-PAYMENT>0</ACTUAL-PAYMENT>
						<SECURITY-DETAILS>
							<SECURITY-DETAIL>
								<SECURITY-TYPE></SECURITY-TYPE>
								<OWNER-NAME></OWNER-NAME>
								<SECURITY-VALUE>0</SECURITY-VALUE>
								<DATE-OF-VALUE></DATE-OF-VALUE>
								<SECURITY-CHARGE></SECURITY-CHARGE>
								<PROPERTY-ADDRESS></PROPERTY-ADDRESS>
								<AUTOMOBILE-TYPE></AUTOMOBILE-TYPE>
								<YEAR-OF-MANUFACTURE></YEAR-OF-MANUFACTURE>
								<REGISTRATION-NUMBER></REGISTRATION-NUMBER>
								<ENGINE-NUMBER></ENGINE-NUMBER>
								<CHASSIS-NUMBER></CHASSIS-NUMBER>
							</SECURITY-DETAIL>
						</SECURITY-DETAILS>
						<LINKED-ACCOUNTS></LINKED-ACCOUNTS>
					</LOAN-DETAILS>
				</RESPONSE>
				<RESPONSE>
					<LOAN-DETAILS>
						<ACCT-NUMBER>XXXX</ACCT-NUMBER>
						<CREDIT-GUARANTOR>XXXX</CREDIT-GUARANTOR>
						<ACCT-TYPE>Credit Card</ACCT-TYPE>
						<DATE-REPORTED>31-03-2018</DATE-REPORTED>
						<OWNERSHIP-IND>Individual</OWNERSHIP-IND>
						<ACCOUNT-STATUS>Closed</ACCOUNT-STATUS>
						<DISBURSED-AMT>26,740</DISBURSED-AMT>
						<DISBURSED-DATE>13-04-2012</DISBURSED-DATE>
						<LAST-PAYMENT-DATE>04-06-2013</LAST-PAYMENT-DATE>
						<CLOSED-DATE>04-06-2013</CLOSED-DATE>
						<OVERDUE-AMT>0</OVERDUE-AMT>
						<WRITE-OFF-AMT>25,781</WRITE-OFF-AMT>
						<CURRENT-BAL>0</CURRENT-BAL>
						<CREDIT-LIMIT>12,000</CREDIT-LIMIT>
						<SECURITY-STATUS>Un-secured</SECURITY-STATUS>
						<COMBINED-PAYMENT-HISTORY>May:2013,XXX/XXX|Apr:2013,XXX/XXX|Mar:2013,XXX/XXX|Feb:2013,XXX/XXX|Jan:2013,XXX/XXX|Dec:2012,XXX/XXX|Nov:2012,XXX/XXX|Oct:2012,XXX/XXX|Sep:2012,XXX/XXX|Aug:2012,XXX/XXX|Jul:2012,XXX/XXX|Jun:2012,XXX/XXX|May:2012,XXX/XXX|</COMBINED-PAYMENT-HISTORY>
						<MATCHED-TYPE>PRIMARY</MATCHED-TYPE>
						<WRITTEN-OFF_SETTLED-STATUS>Settled</WRITTEN-OFF_SETTLED-STATUS>
						<CASH-LIMIT>1</CASH-LIMIT>
						<SECURITY-DETAILS></SECURITY-DETAILS>
						<LINKED-ACCOUNTS></LINKED-ACCOUNTS>
					</LOAN-DETAILS>
				</RESPONSE>
				<RESPONSE>
					<LOAN-DETAILS>
						<ACCT-NUMBER>XXXX</ACCT-NUMBER>
						<CREDIT-GUARANTOR>XXXX</CREDIT-GUARANTOR>
						<ACCT-TYPE>Gold Loan</ACCT-TYPE>
						<DATE-REPORTED>31-12-2016</DATE-REPORTED>
						<OWNERSHIP-IND>Individual</OWNERSHIP-IND>
						<ACCOUNT-STATUS>Closed</ACCOUNT-STATUS>
						<DISBURSED-AMT>87,700</DISBURSED-AMT>
						<DISBURSED-DATE>30-08-2014</DISBURSED-DATE>
						<LAST-PAYMENT-DATE>02-12-2016</LAST-PAYMENT-DATE>
						<CLOSED-DATE>02-12-2016</CLOSED-DATE>
						<OVERDUE-AMT>0</OVERDUE-AMT>
						<WRITE-OFF-AMT>0</WRITE-OFF-AMT>
						<CURRENT-BAL>0</CURRENT-BAL>
						<SECURITY-STATUS>Secured</SECURITY-STATUS>
						<COMBINED-PAYMENT-HISTORY>Dec:2016,000/SUB|Nov:2016,092/SUB|Oct:2016,062/STD|Sep:2016,031/STD|Aug:2016,001/STD|Jul:2016,000/STD|Jun:2016,000/STD|May:2016,000/STD|Apr:2016,000/STD|Mar:2016,000/STD|Feb:2016,000/STD|Jan:2016,000/STD|Dec:2015,000/STD|Nov:2015,000/STD|Oct:2015,000/STD|Sep:2015,000/STD|Aug:2015,000/STD|Jul:2015,000/STD|Jun:2015,000/STD|May:2015,000/STD|Apr:2015,000/STD|Mar:2015,000/STD|Feb:2015,000/STD|Jan:2015,000/STD|Dec:2014,000/STD|Nov:2014,000/STD|Oct:2014,000/STD|Sep:2014,000/STD|Aug:2014,000/STD|</COMBINED-PAYMENT-HISTORY>
						<MATCHED-TYPE>PRIMARY</MATCHED-TYPE>
						<ACTUAL-PAYMENT>0</ACTUAL-PAYMENT>
						<SECURITY-DETAILS>
							<SECURITY-DETAIL>
								<SECURITY-TYPE></SECURITY-TYPE>
								<OWNER-NAME></OWNER-NAME>
								<SECURITY-VALUE>0</SECURITY-VALUE>
								<DATE-OF-VALUE></DATE-OF-VALUE>
								<SECURITY-CHARGE></SECURITY-CHARGE>
								<PROPERTY-ADDRESS></PROPERTY-ADDRESS>
								<AUTOMOBILE-TYPE></AUTOMOBILE-TYPE>
								<YEAR-OF-MANUFACTURE></YEAR-OF-MANUFACTURE>
								<REGISTRATION-NUMBER></REGISTRATION-NUMBER>
								<ENGINE-NUMBER></ENGINE-NUMBER>
								<CHASSIS-NUMBER></CHASSIS-NUMBER>
							</SECURITY-DETAIL>
						</SECURITY-DETAILS>
						<LINKED-ACCOUNTS></LINKED-ACCOUNTS>
					</LOAN-DETAILS>
				</RESPONSE>
				<RESPONSE>
					<LOAN-DETAILS>
						<ACCT-NUMBER>XXXX</ACCT-NUMBER>
						<CREDIT-GUARANTOR>XXXX</CREDIT-GUARANTOR>
						<ACCT-TYPE>Gold Loan</ACCT-TYPE>
						<DATE-REPORTED>30-06-2014</DATE-REPORTED>
						<OWNERSHIP-IND>Individual</OWNERSHIP-IND>
						<ACCOUNT-STATUS>Closed</ACCOUNT-STATUS>
						<DISBURSED-AMT>3,17,000</DISBURSED-AMT>
						<DISBURSED-DATE>26-11-2013</DISBURSED-DATE>
						<LAST-PAYMENT-DATE>03-05-2014</LAST-PAYMENT-DATE>
						<CLOSED-DATE>26-06-2014</CLOSED-DATE>
						<OVERDUE-AMT>0</OVERDUE-AMT>
						<WRITE-OFF-AMT>0</WRITE-OFF-AMT>
						<CURRENT-BAL>0</CURRENT-BAL>
						<SECURITY-STATUS>Secured</SECURITY-STATUS>
						<COMBINED-PAYMENT-HISTORY>Jun:2014,000/STD|May:2014,005/STD|Apr:2014,000/STD|Mar:2014,000/STD|Feb:2014,DDD/DDD|Jan:2014,000/STD|Dec:2013,000/STD|Nov:2013,000/STD|</COMBINED-PAYMENT-HISTORY>
						<MATCHED-TYPE>PRIMARY</MATCHED-TYPE>
						<SECURITY-DETAILS></SECURITY-DETAILS>
						<LINKED-ACCOUNTS></LINKED-ACCOUNTS>
					</LOAN-DETAILS>
				</RESPONSE>
				<RESPONSE>
					<LOAN-DETAILS>
						<ACCT-NUMBER>XXXX</ACCT-NUMBER>
						<CREDIT-GUARANTOR>XXXX</CREDIT-GUARANTOR>
						<ACCT-TYPE>Personal Loan</ACCT-TYPE>
						<DATE-REPORTED>30-04-2019</DATE-REPORTED>
						<OWNERSHIP-IND>Individual</OWNERSHIP-IND>
						<ACCOUNT-STATUS>Active</ACCOUNT-STATUS>
						<DISBURSED-AMT>1,00,000</DISBURSED-AMT>
						<DISBURSED-DATE>28-07-2008</DISBURSED-DATE>
						<LAST-PAYMENT-DATE>01-06-2011</LAST-PAYMENT-DATE>
						<OVERDUE-AMT>0</OVERDUE-AMT>
						<WRITE-OFF-AMT>0</WRITE-OFF-AMT>
						<CURRENT-BAL>0</CURRENT-BAL>
						<SECURITY-STATUS>Un-secured</SECURITY-STATUS>
						<COMBINED-PAYMENT-HISTORY>Apr:2019,000/STD|Mar:2019,000/STD|Feb:2019,000/STD|Jan:2019,000/STD|Dec:2018,000/STD|Nov:2018,000/STD|Oct:2018,000/STD|Sep:2018,000/STD|Aug:2018,000/STD|Jul:2018,000/STD|Jun:2018,000/STD|May:2018,000/STD|Apr:2018,000/STD|Mar:2018,000/STD|Feb:2018,000/STD|Jan:2018,000/STD|Dec:2017,000/STD|Nov:2017,000/STD|Oct:2017,000/STD|Sep:2017,000/STD|Aug:2017,000/STD|Jul:2017,000/STD|Jun:2017,000/STD|May:2017,000/STD|Apr:2017,000/STD|Mar:2017,000/STD|Feb:2017,000/STD|Jan:2017,000/STD|Dec:2016,000/STD|Nov:2016,000/STD|Oct:2016,000/STD|Sep:2016,000/STD|Aug:2016,000/STD|Jul:2016,000/STD|Jun:2016,000/STD|May:2016,000/STD|</COMBINED-PAYMENT-HISTORY>
						<MATCHED-TYPE>PRIMARY</MATCHED-TYPE>
						<SECURITY-DETAILS></SECURITY-DETAILS>
						<LINKED-ACCOUNTS></LINKED-ACCOUNTS>
					</LOAN-DETAILS>
				</RESPONSE>
				<RESPONSE>
					<LOAN-DETAILS>
						<ACCT-NUMBER>XXXX</ACCT-NUMBER>
						<CREDIT-GUARANTOR>XXXX</CREDIT-GUARANTOR>
						<ACCT-TYPE>Gold Loan</ACCT-TYPE>
						<DATE-REPORTED>31-12-2016</DATE-REPORTED>
						<OWNERSHIP-IND>Individual</OWNERSHIP-IND>
						<ACCOUNT-STATUS>Closed</ACCOUNT-STATUS>
						<DISBURSED-AMT>1,29,000</DISBURSED-AMT>
						<DISBURSED-DATE>04-08-2014</DISBURSED-DATE>
						<LAST-PAYMENT-DATE>02-12-2016</LAST-PAYMENT-DATE>
						<CLOSED-DATE>02-12-2016</CLOSED-DATE>
						<OVERDUE-AMT>0</OVERDUE-AMT>
						<WRITE-OFF-AMT>0</WRITE-OFF-AMT>
						<CURRENT-BAL>0</CURRENT-BAL>
						<SECURITY-STATUS>Secured</SECURITY-STATUS>
						<COMBINED-PAYMENT-HISTORY>Dec:2016,000/SUB|Nov:2016,118/SUB|Oct:2016,088/STD|Sep:2016,057/STD|Aug:2016,027/STD|Jul:2016,000/STD|Jun:2016,000/STD|May:2016,000/STD|Apr:2016,000/STD|Mar:2016,000/STD|Feb:2016,000/STD|Jan:2016,000/STD|Dec:2015,000/STD|Nov:2015,000/STD|Oct:2015,000/STD|Sep:2015,000/STD|Aug:2015,000/STD|Jul:2015,000/STD|Jun:2015,000/STD|May:2015,000/STD|Apr:2015,000/STD|Mar:2015,000/STD|Feb:2015,000/STD|Jan:2015,000/STD|Dec:2014,000/STD|Nov:2014,000/STD|Oct:2014,000/STD|Sep:2014,000/STD|Aug:2014,000/STD|</COMBINED-PAYMENT-HISTORY>
						<MATCHED-TYPE>PRIMARY</MATCHED-TYPE>
						<ACTUAL-PAYMENT>0</ACTUAL-PAYMENT>
						<SECURITY-DETAILS>
							<SECURITY-DETAIL>
								<SECURITY-TYPE></SECURITY-TYPE>
								<OWNER-NAME></OWNER-NAME>
								<SECURITY-VALUE>0</SECURITY-VALUE>
								<DATE-OF-VALUE></DATE-OF-VALUE>
								<SECURITY-CHARGE></SECURITY-CHARGE>
								<PROPERTY-ADDRESS></PROPERTY-ADDRESS>
								<AUTOMOBILE-TYPE></AUTOMOBILE-TYPE>
								<YEAR-OF-MANUFACTURE></YEAR-OF-MANUFACTURE>
								<REGISTRATION-NUMBER></REGISTRATION-NUMBER>
								<ENGINE-NUMBER></ENGINE-NUMBER>
								<CHASSIS-NUMBER></CHASSIS-NUMBER>
							</SECURITY-DETAIL>
						</SECURITY-DETAILS>
						<LINKED-ACCOUNTS></LINKED-ACCOUNTS>
					</LOAN-DETAILS>
				</RESPONSE>
				<RESPONSE>
					<LOAN-DETAILS>
						<ACCT-NUMBER>XXXX</ACCT-NUMBER>
						<CREDIT-GUARANTOR>XXXX</CREDIT-GUARANTOR>
						<ACCT-TYPE>Gold Loan</ACCT-TYPE>
						<DATE-REPORTED>10-04-2018</DATE-REPORTED>
						<OWNERSHIP-IND>Individual</OWNERSHIP-IND>
						<ACCOUNT-STATUS>Closed</ACCOUNT-STATUS>
						<DISBURSED-AMT>1,29,000</DISBURSED-AMT>
						<DISBURSED-DATE>06-09-2017</DISBURSED-DATE>
						<CLOSED-DATE>10-04-2018</CLOSED-DATE>
						<OVERDUE-AMT>0</OVERDUE-AMT>
						<WRITE-OFF-AMT>0</WRITE-OFF-AMT>
						<CURRENT-BAL>0</CURRENT-BAL>
						<SECURITY-STATUS>Secured</SECURITY-STATUS>
						<PRINCIPAL-WRITE-OFF-AMT>0</PRINCIPAL-WRITE-OFF-AMT>
						<COMBINED-PAYMENT-HISTORY>Apr:2018,000/STD|Mar:2018,025/STD|Feb:2018,000/STD|Jan:2018,000/STD|Dec:2017,000/STD|Nov:2017,000/STD|Oct:2017,000/STD|Sep:2017,000/STD|</COMBINED-PAYMENT-HISTORY>
						<MATCHED-TYPE>PRIMARY</MATCHED-TYPE>
						<ACTUAL-PAYMENT>0</ACTUAL-PAYMENT>
						<SECURITY-DETAILS>
							<SECURITY-DETAIL>
								<SECURITY-TYPE></SECURITY-TYPE>
								<OWNER-NAME></OWNER-NAME>
								<SECURITY-VALUE>0</SECURITY-VALUE>
								<DATE-OF-VALUE></DATE-OF-VALUE>
								<SECURITY-CHARGE></SECURITY-CHARGE>
								<PROPERTY-ADDRESS></PROPERTY-ADDRESS>
								<AUTOMOBILE-TYPE></AUTOMOBILE-TYPE>
								<YEAR-OF-MANUFACTURE></YEAR-OF-MANUFACTURE>
								<REGISTRATION-NUMBER></REGISTRATION-NUMBER>
								<ENGINE-NUMBER></ENGINE-NUMBER>
								<CHASSIS-NUMBER></CHASSIS-NUMBER>
							</SECURITY-DETAIL>
						</SECURITY-DETAILS>
						<LINKED-ACCOUNTS></LINKED-ACCOUNTS>
					</LOAN-DETAILS>
				</RESPONSE>
				<RESPONSE>
					<LOAN-DETAILS>
						<ACCT-NUMBER>XXXX</ACCT-NUMBER>
						<CREDIT-GUARANTOR>XXXX</CREDIT-GUARANTOR>
						<ACCT-TYPE>Auto Loan (Personal)</ACCT-TYPE>
						<DATE-REPORTED>30-04-2019</DATE-REPORTED>
						<OWNERSHIP-IND>Individual</OWNERSHIP-IND>
						<ACCOUNT-STATUS>Active</ACCOUNT-STATUS>
						<DISBURSED-AMT>6,38,536</DISBURSED-AMT>
						<DISBURSED-DATE>31-05-2018</DISBURSED-DATE>
						<LAST-PAYMENT-DATE>03-04-2019</LAST-PAYMENT-DATE>
						<OVERDUE-AMT>0</OVERDUE-AMT>
						<WRITE-OFF-AMT>0</WRITE-OFF-AMT>
						<CURRENT-BAL>7,51,200</CURRENT-BAL>
						<SECURITY-STATUS>Secured</SECURITY-STATUS>
						<COMBINED-PAYMENT-HISTORY>Apr:2019,000/XXX|Mar:2019,DDD/DDD|Feb:2019,000/XXX|Jan:2019,000/XXX|Dec:2018,000/XXX|Nov:2018,000/XXX|Oct:2018,000/XXX|Sep:2018,000/XXX|Aug:2018,000/XXX|Jul:2018,000/XXX|Jun:2018,XXX/XXX|</COMBINED-PAYMENT-HISTORY>
						<MATCHED-TYPE>PRIMARY</MATCHED-TYPE>
						<SECURITY-DETAILS></SECURITY-DETAILS>
						<LINKED-ACCOUNTS></LINKED-ACCOUNTS>
					</LOAN-DETAILS>
				</RESPONSE>
				<RESPONSE>
					<LOAN-DETAILS>
						<ACCT-NUMBER>XXXX</ACCT-NUMBER>
						<CREDIT-GUARANTOR>XXXX</CREDIT-GUARANTOR>
						<ACCT-TYPE>Gold Loan</ACCT-TYPE>
						<DATE-REPORTED>30-04-2018</DATE-REPORTED>
						<OWNERSHIP-IND>Individual</OWNERSHIP-IND>
						<ACCOUNT-STATUS>Closed</ACCOUNT-STATUS>
						<DISBURSED-AMT>87,700</DISBURSED-AMT>
						<DISBURSED-DATE>06-09-2017</DISBURSED-DATE>
						<LAST-PAYMENT-DATE>10-04-2018</LAST-PAYMENT-DATE>
						<CLOSED-DATE>10-04-2018</CLOSED-DATE>
						<OVERDUE-AMT>0</OVERDUE-AMT>
						<WRITE-OFF-AMT>0</WRITE-OFF-AMT>
						<CURRENT-BAL>0</CURRENT-BAL>
						<SECURITY-STATUS>Secured</SECURITY-STATUS>
						<COMBINED-PAYMENT-HISTORY>Apr:2018,000/STD|Mar:2018,025/STD|Feb:2018,000/STD|Jan:2018,000/STD|Dec:2017,000/STD|Nov:2017,000/STD|Oct:2017,000/STD|Sep:2017,000/STD|</COMBINED-PAYMENT-HISTORY>
						<MATCHED-TYPE>PRIMARY</MATCHED-TYPE>
						<ACTUAL-PAYMENT>0</ACTUAL-PAYMENT>
						<SECURITY-DETAILS>
							<SECURITY-DETAIL>
								<SECURITY-TYPE></SECURITY-TYPE>
								<OWNER-NAME></OWNER-NAME>
								<SECURITY-VALUE>0</SECURITY-VALUE>
								<DATE-OF-VALUE></DATE-OF-VALUE>
								<SECURITY-CHARGE></SECURITY-CHARGE>
								<PROPERTY-ADDRESS></PROPERTY-ADDRESS>
								<AUTOMOBILE-TYPE></AUTOMOBILE-TYPE>
								<YEAR-OF-MANUFACTURE></YEAR-OF-MANUFACTURE>
								<REGISTRATION-NUMBER></REGISTRATION-NUMBER>
								<ENGINE-NUMBER></ENGINE-NUMBER>
								<CHASSIS-NUMBER></CHASSIS-NUMBER>
							</SECURITY-DETAIL>
						</SECURITY-DETAILS>
						<LINKED-ACCOUNTS></LINKED-ACCOUNTS>
					</LOAN-DETAILS>
				</RESPONSE>
				<RESPONSE>
					<LOAN-DETAILS>
						<ACCT-NUMBER>XXXX</ACCT-NUMBER>
						<CREDIT-GUARANTOR>XXXX</CREDIT-GUARANTOR>
						<ACCT-TYPE>Credit Card</ACCT-TYPE>
						<DATE-REPORTED>31-01-2012</DATE-REPORTED>
						<OWNERSHIP-IND>Individual</OWNERSHIP-IND>
						<ACCOUNT-STATUS>Active</ACCOUNT-STATUS>
						<DISBURSED-AMT>16,032</DISBURSED-AMT>
						<DISBURSED-DATE>27-02-2008</DISBURSED-DATE>
						<LAST-PAYMENT-DATE>11-01-2012</LAST-PAYMENT-DATE>
						<OVERDUE-AMT>0</OVERDUE-AMT>
						<WRITE-OFF-AMT>0</WRITE-OFF-AMT>
						<CURRENT-BAL>9,046</CURRENT-BAL>
						<CREDIT-LIMIT>12,000</CREDIT-LIMIT>
						<SECURITY-STATUS>Un-secured</SECURITY-STATUS>
						<COMBINED-PAYMENT-HISTORY>Jan:2012,000/XXX|Dec:2011,014/XXX|Nov:2011,000/XXX|Oct:2011,000/XXX|Sep:2011,000/XXX|Aug:2011,000/XXX|Jul:2011,000/XXX|Jun:2011,XXX/XXX|May:2011,XXX/XXX|Apr:2011,XXX/XXX|Mar:2011,XXX/XXX|Feb:2011,XXX/XXX|Jan:2011,XXX/XXX|Dec:2010,XXX/XXX|Nov:2010,XXX/XXX|Oct:2010,XXX/XXX|Sep:2010,XXX/XXX|Aug:2010,XXX/XXX|Jul:2010,XXX/XXX|Jun:2010,XXX/XXX|May:2010,XXX/XXX|Apr:2010,XXX/XXX|Mar:2010,XXX/XXX|Feb:2010,XXX/XXX|Jan:2010,XXX/XXX|Dec:2009,XXX/XXX|Nov:2009,XXX/XXX|Oct:2009,XXX/XXX|Sep:2009,XXX/XXX|Aug:2009,XXX/XXX|Jul:2009,XXX/XXX|Jun:2009,XXX/XXX|May:2009,XXX/XXX|Apr:2009,XXX/XXX|Mar:2009,XXX/XXX|Feb:2009,XXX/XXX|</COMBINED-PAYMENT-HISTORY>
						<MATCHED-TYPE>PRIMARY</MATCHED-TYPE>
						<SECURITY-DETAILS></SECURITY-DETAILS>
						<LINKED-ACCOUNTS></LINKED-ACCOUNTS>
					</LOAN-DETAILS>
				</RESPONSE>
				<RESPONSE>
					<LOAN-DETAILS>
						<ACCT-NUMBER>XXXX</ACCT-NUMBER>
						<CREDIT-GUARANTOR>XXXX</CREDIT-GUARANTOR>
						<ACCT-TYPE>Credit Card</ACCT-TYPE>
						<DATE-REPORTED>07-06-2019</DATE-REPORTED>
						<OWNERSHIP-IND>Individual</OWNERSHIP-IND>
						<ACCOUNT-STATUS>Closed</ACCOUNT-STATUS>
						<DISBURSED-AMT>85,841</DISBURSED-AMT>
						<DISBURSED-DATE>07-11-2011</DISBURSED-DATE>
						<LAST-PAYMENT-DATE>29-07-2016</LAST-PAYMENT-DATE>
						<CLOSED-DATE>15-07-2015</CLOSED-DATE>
						<OVERDUE-AMT>0</OVERDUE-AMT>
						<WRITE-OFF-AMT>0</WRITE-OFF-AMT>
						<CURRENT-BAL>-2</CURRENT-BAL>
						<CREDIT-LIMIT>0</CREDIT-LIMIT>
						<SECURITY-STATUS>Un-secured</SECURITY-STATUS>
						<COMBINED-PAYMENT-HISTORY>Jun:2015,XXX/XXX|May:2015,XXX/XXX|Apr:2015,XXX/XXX|Mar:2015,XXX/XXX|Feb:2015,XXX/XXX|Jan:2015,XXX/XXX|Dec:2014,XXX/XXX|Nov:2014,XXX/XXX|Oct:2014,XXX/XXX|Sep:2014,XXX/XXX|Aug:2014,XXX/XXX|Jul:2014,XXX/XXX|Jun:2014,XXX/XXX|May:2014,XXX/XXX|Apr:2014,XXX/XXX|Mar:2014,XXX/XXX|Feb:2014,XXX/XXX|Jan:2014,XXX/XXX|Dec:2013,XXX/XXX|Nov:2013,XXX/XXX|Oct:2013,XXX/XXX|Sep:2013,XXX/XXX|Aug:2013,XXX/XXX|Jul:2013,XXX/XXX|Jun:2013,XXX/XXX|May:2013,XXX/XXX|Apr:2013,XXX/XXX|Mar:2013,XXX/XXX|Feb:2013,XXX/XXX|Jan:2013,XXX/XXX|Dec:2012,XXX/XXX|Nov:2012,XXX/XXX|Oct:2012,XXX/XXX|Sep:2012,XXX/XXX|Aug:2012,XXX/XXX|Jul:2012,XXX/XXX|</COMBINED-PAYMENT-HISTORY>
						<MATCHED-TYPE>PRIMARY</MATCHED-TYPE>
						<WRITTEN-OFF_SETTLED-STATUS></WRITTEN-OFF_SETTLED-STATUS>
						<CASH-LIMIT>0</CASH-LIMIT>
						<ACTUAL-PAYMENT>0</ACTUAL-PAYMENT>
						<SECURITY-DETAILS></SECURITY-DETAILS>
						<LINKED-ACCOUNTS></LINKED-ACCOUNTS>
					</LOAN-DETAILS>
				</RESPONSE>
				<RESPONSE>
					<LOAN-DETAILS>
						<ACCT-NUMBER>XXXX</ACCT-NUMBER>
						<CREDIT-GUARANTOR>XXXX</CREDIT-GUARANTOR>
						<ACCT-TYPE>Gold Loan</ACCT-TYPE>
						<DATE-REPORTED>30-06-2016</DATE-REPORTED>
						<OWNERSHIP-IND>Individual</OWNERSHIP-IND>
						<ACCOUNT-STATUS>Closed</ACCOUNT-STATUS>
						<DISBURSED-AMT>2,91,500</DISBURSED-AMT>
						<DISBURSED-DATE>24-09-2015</DISBURSED-DATE>
						<LAST-PAYMENT-DATE>10-06-2016</LAST-PAYMENT-DATE>
						<CLOSED-DATE>10-06-2016</CLOSED-DATE>
						<OVERDUE-AMT>0</OVERDUE-AMT>
						<WRITE-OFF-AMT>0</WRITE-OFF-AMT>
						<CURRENT-BAL>0</CURRENT-BAL>
						<SECURITY-STATUS>Secured</SECURITY-STATUS>
						<COMBINED-PAYMENT-HISTORY>Jun:2016,000/STD|May:2016,068/STD|Apr:2016,037/STD|Mar:2016,007/STD|Feb:2016,000/STD|Jan:2016,000/STD|Dec:2015,000/STD|Nov:2015,000/STD|Oct:2015,000/STD|Sep:2015,000/STD|</COMBINED-PAYMENT-HISTORY>
						<MATCHED-TYPE>PRIMARY</MATCHED-TYPE>
						<ACTUAL-PAYMENT>0</ACTUAL-PAYMENT>
						<SECURITY-DETAILS>
							<SECURITY-DETAIL>
								<SECURITY-TYPE></SECURITY-TYPE>
								<OWNER-NAME></OWNER-NAME>
								<SECURITY-VALUE>0</SECURITY-VALUE>
								<DATE-OF-VALUE></DATE-OF-VALUE>
								<SECURITY-CHARGE></SECURITY-CHARGE>
								<PROPERTY-ADDRESS></PROPERTY-ADDRESS>
								<AUTOMOBILE-TYPE></AUTOMOBILE-TYPE>
								<YEAR-OF-MANUFACTURE></YEAR-OF-MANUFACTURE>
								<REGISTRATION-NUMBER></REGISTRATION-NUMBER>
								<ENGINE-NUMBER></ENGINE-NUMBER>
								<CHASSIS-NUMBER></CHASSIS-NUMBER>
							</SECURITY-DETAIL>
						</SECURITY-DETAILS>
						<LINKED-ACCOUNTS></LINKED-ACCOUNTS>
					</LOAN-DETAILS>
				</RESPONSE>
				<RESPONSE>
					<LOAN-DETAILS>
						<ACCT-NUMBER>XXXX</ACCT-NUMBER>
						<CREDIT-GUARANTOR>XXXX</CREDIT-GUARANTOR>
						<ACCT-TYPE>Housing Loan</ACCT-TYPE>
						<DATE-REPORTED>31-07-2018</DATE-REPORTED>
						<OWNERSHIP-IND>Joint</OWNERSHIP-IND>
						<ACCOUNT-STATUS>Closed</ACCOUNT-STATUS>
						<DISBURSED-AMT>17,10,000</DISBURSED-AMT>
						<DISBURSED-DATE>14-09-2011</DISBURSED-DATE>
						<LAST-PAYMENT-DATE>30-03-2012</LAST-PAYMENT-DATE>
						<CLOSED-DATE>09-04-2018</CLOSED-DATE>
						<INSTALLMENT-AMT>0</INSTALLMENT-AMT>
						<OVERDUE-AMT>0</OVERDUE-AMT>
						<WRITE-OFF-AMT>0</WRITE-OFF-AMT>
						<CURRENT-BAL>0</CURRENT-BAL>
						<SECURITY-STATUS>Secured</SECURITY-STATUS>
						<COMBINED-PAYMENT-HISTORY>Apr:2018,XXX/STD|Mar:2018,XXX/STD|Feb:2018,XXX/DBT|Jan:2018,XXX/DBT|Dec:2017,XXX/DBT|Nov:2017,XXX/DBT|Oct:2017,XXX/DBT|Sep:2017,XXX/DBT|Aug:2017,XXX/SUB|Jul:2017,XXX/SUB|Jun:2017,XXX/SUB|May:2017,XXX/SUB|Apr:2017,XXX/SUB|Mar:2017,XXX/SUB|Feb:2017,XXX/SUB|Jan:2017,XXX/SUB|Dec:2016,XXX/SUB|Nov:2016,XXX/SUB|Oct:2016,XXX/SUB|Sep:2016,XXX/SUB|Aug:2016,XXX/STD|Jul:2016,XXX/STD|Jun:2016,XXX/STD|May:2016,XXX/STD|Apr:2016,XXX/STD|Mar:2016,XXX/STD|Feb:2016,XXX/STD|Jan:2016,XXX/STD|Dec:2015,XXX/STD|Nov:2015,XXX/SUB|Oct:2015,XXX/SUB|Sep:2015,XXX/SUB|Aug:2015,XXX/STD|Jul:2015,XXX/XXX|Jun:2015,XXX/XXX|May:2015,XXX/XXX|</COMBINED-PAYMENT-HISTORY>
						<MATCHED-TYPE>PRIMARY</MATCHED-TYPE>
						<SECURITY-DETAILS></SECURITY-DETAILS>
						<LINKED-ACCOUNTS>
							<ACCOUNT-DETAILS>
								<ACCT-NUMBER>XXXX</ACCT-NUMBER>
								<CREDIT-GUARANTOR>XXXX</CREDIT-GUARANTOR>
								<ACCT-TYPE>Housing Loan</ACCT-TYPE>
								<DATE-REPORTED>31-03-2016</DATE-REPORTED>
								<OWNERSHIP-IND>Joint</OWNERSHIP-IND>
								<ACCOUNT-STATUS>Delinquent</ACCOUNT-STATUS>
								<DISBURSED-AMT>18,00,000</DISBURSED-AMT>
								<DISBURSED-DATE>13-09-2011</DISBURSED-DATE>
								<OVERDUE-AMT>41,485</OVERDUE-AMT>
								<CURRENT-BAL>16,32,046</CURRENT-BAL>
								<SECURITY-DETAILS></SECURITY-DETAILS>
							</ACCOUNT-DETAILS>
							<ACCOUNT-DETAILS>
								<ACCT-NUMBER>XXXX</ACCT-NUMBER>
								<CREDIT-GUARANTOR>XXXX</CREDIT-GUARANTOR>
								<ACCT-TYPE>Housing Loan</ACCT-TYPE>
								<DATE-REPORTED>30-04-2012</DATE-REPORTED>
								<OWNERSHIP-IND>Joint</OWNERSHIP-IND>
								<ACCOUNT-STATUS>Active</ACCOUNT-STATUS>
								<DISBURSED-AMT>17,10,000</DISBURSED-AMT>
								<DISBURSED-DATE>13-09-2011</DISBURSED-DATE>
								<LAST-PAYMENT-DATE>30-03-2012</LAST-PAYMENT-DATE>
								<CLOSE-DATE>13-09-2036</CLOSE-DATE>
								<OVERDUE-AMT>0</OVERDUE-AMT>
								<CURRENT-BAL>11,44,274</CURRENT-BAL>
								<SECURITY-DETAILS></SECURITY-DETAILS>
							</ACCOUNT-DETAILS>
						</LINKED-ACCOUNTS>
					</LOAN-DETAILS>
				</RESPONSE>
			</RESPONSES>
			<INDV-RESPONSES>
				<PRIMARY-SUMMARY>
					<NO-OF-DEFAULT-ACCOUNTS>0</NO-OF-DEFAULT-ACCOUNTS>
					<TOTAL-RESPONSES>0</TOTAL-RESPONSES>
					<NO-OF-CLOSED-ACCOUNTS>0</NO-OF-CLOSED-ACCOUNTS>
					<NO-OF-ACTIVE-ACCOUNTS>0</NO-OF-ACTIVE-ACCOUNTS>
					<NO-OF-OTHER-MFIS>0</NO-OF-OTHER-MFIS>
					<NO-OF-OWN-MFIS>0</NO-OF-OWN-MFIS>
				</PRIMARY-SUMMARY>
				<SECONDARY-SUMMARY>
					<NO-OF-DEFAULT-ACCOUNTS>0</NO-OF-DEFAULT-ACCOUNTS>
					<TOTAL-RESPONSES>0</TOTAL-RESPONSES>
					<NO-OF-CLOSED-ACCOUNTS>0</NO-OF-CLOSED-ACCOUNTS>
					<NO-OF-ACTIVE-ACCOUNTS>0</NO-OF-ACTIVE-ACCOUNTS>
					<NO-OF-OTHER-MFIS>0</NO-OF-OTHER-MFIS>
					<NO-OF-OWN-MFIS>0</NO-OF-OWN-MFIS>
				</SECONDARY-SUMMARY>
				<SUMMARY>
					<STATUS>SUCCESS</STATUS>
					<TOTAL-RESPONSES>0</TOTAL-RESPONSES>
					<NO-OF-OTHER-MFIS>0</NO-OF-OTHER-MFIS>
					<NO-OF-DEFAULT-ACCOUNTS>0</NO-OF-DEFAULT-ACCOUNTS>
					<OWN-MFI-INDECATOR>false</OWN-MFI-INDECATOR>
					<NO-OF-CLOSED-ACCOUNTS>0</NO-OF-CLOSED-ACCOUNTS>
					<NO-OF-ACTIVE-ACCOUNTS>0</NO-OF-ACTIVE-ACCOUNTS>
					<NO-OF-OWN-MFIS>0</NO-OF-OWN-MFIS>
				</SUMMARY>
				<INDV-RESPONSE-LIST></INDV-RESPONSE-LIST>
			</INDV-RESPONSES>
			<GRP-RESPONSES>
				<PRIMARY-SUMMARY>
					<NO-OF-DEFAULT-ACCOUNTS>0</NO-OF-DEFAULT-ACCOUNTS>
					<TOTAL-RESPONSES>0</TOTAL-RESPONSES>
					<NO-OF-CLOSED-ACCOUNTS>0</NO-OF-CLOSED-ACCOUNTS>
					<NO-OF-ACTIVE-ACCOUNTS>0</NO-OF-ACTIVE-ACCOUNTS>
					<NO-OF-OTHER-MFIS>0</NO-OF-OTHER-MFIS>
					<NO-OF-OWN-MFIS>0</NO-OF-OWN-MFIS>
				</PRIMARY-SUMMARY>
				<SECONDARY-SUMMARY>
					<NO-OF-DEFAULT-ACCOUNTS>0</NO-OF-DEFAULT-ACCOUNTS>
					<TOTAL-RESPONSES>0</TOTAL-RESPONSES>
					<NO-OF-CLOSED-ACCOUNTS>0</NO-OF-CLOSED-ACCOUNTS>
					<NO-OF-ACTIVE-ACCOUNTS>0</NO-OF-ACTIVE-ACCOUNTS>
					<NO-OF-OTHER-MFIS>0</NO-OF-OTHER-MFIS>
					<NO-OF-OWN-MFIS>0</NO-OF-OWN-MFIS>
				</SECONDARY-SUMMARY>
				<SUMMARY>
					<STATUS>SUCCESS</STATUS>
					<TOTAL-RESPONSES>0</TOTAL-RESPONSES>
					<NO-OF-OTHER-MFIS>0</NO-OF-OTHER-MFIS>
					<NO-OF-DEFAULT-ACCOUNTS>0</NO-OF-DEFAULT-ACCOUNTS>
					<OWN-MFI-INDECATOR>false</OWN-MFI-INDECATOR>
					<NO-OF-CLOSED-ACCOUNTS>0</NO-OF-CLOSED-ACCOUNTS>
					<NO-OF-ACTIVE-ACCOUNTS>0</NO-OF-ACTIVE-ACCOUNTS>
					<NO-OF-OWN-MFIS>0</NO-OF-OWN-MFIS>
				</SUMMARY>
				<GRP-RESPONSE-LIST></GRP-RESPONSE-LIST>
			</GRP-RESPONSES>
		</INDV-REPORT>
	</INDV-REPORTS>
</INDV-REPORT-FILE>