<?xml version="1.0" encoding="utf-8"?>
<INDV-REPORT-FILE>
	<INDV-REPORTS>
		<INDV-REPORT>
			<HEADER>
				<DATE-OF-REQUEST>14-05-2019 06:06:07</DATE-OF-REQUEST>
				<PREPARED-FOR>FICCL GOUPWARDS</PREPARED-FOR>
				<PREPARED-FOR-ID>NBF0002574</PREPARED-FOR-ID>
				<DATE-OF-ISSUE>14-05-2019</DATE-OF-ISSUE>
				<BATCH-ID>350605408190514</BATCH-ID>
				<REPORT-ID>FICC190514CR480584135</REPORT-ID>
			</HEADER>
			<STATUS-DETAILS>
				<STATUS>
					<OPTION>CNS-SCORE</OPTION>
					<OPTION-STATUS>SUCCESS</OPTION-STATUS>
					<ERRORS></ERRORS>
				</STATUS>
				<STATUS>
					<OPTION>MFI-INDV</OPTION>
					<OPTION-STATUS>NO RESPONSE FOUND</OPTION-STATUS>
					<ERRORS>
						<ERROR></ERROR>
					</ERRORS>
				</STATUS>
				<STATUS>
					<OPTION>MFI-GRP</OPTION>
					<OPTION-STATUS>NO RESPONSE FOUND</OPTION-STATUS>
					<ERRORS>
						<ERROR></ERROR>
					</ERRORS>
				</STATUS>
				<STATUS>
					<OPTION>CNS_INDV</OPTION>
					<OPTION-STATUS>SUCCESS</OPTION-STATUS>
					<ERRORS></ERRORS>
				</STATUS>
				<STATUS>
					<OPTION>INQUIRY-HISTORY</OPTION>
					<OPTION-STATUS>SUCCESS</OPTION-STATUS>
					<ERRORS></ERRORS>
				</STATUS>
			</STATUS-DETAILS>
			<SECONDARY-MATCHES></SECONDARY-MATCHES>
			<ACCOUNTS-SUMMARY>
				<DERIVED-ATTRIBUTES>
					<INQUIRIES-IN-LAST-SIX-MONTHS>9</INQUIRIES-IN-LAST-SIX-MONTHS>
					<LENGTH-OF-CREDIT-HISTORY-YEAR>4</LENGTH-OF-CREDIT-HISTORY-YEAR>
					<LENGTH-OF-CREDIT-HISTORY-MONTH>1</LENGTH-OF-CREDIT-HISTORY-MONTH>
					<AVERAGE-ACCOUNT-AGE-YEAR>0</AVERAGE-ACCOUNT-AGE-YEAR>
					<AVERAGE-ACCOUNT-AGE-MONTH>9</AVERAGE-ACCOUNT-AGE-MONTH>
					<NEW-ACCOUNTS-IN-LAST-SIX-MONTHS>13</NEW-ACCOUNTS-IN-LAST-SIX-MONTHS>
					<NEW-DELINQ-ACCOUNT-IN-LAST-SIX-MONTHS>0</NEW-DELINQ-ACCOUNT-IN-LAST-SIX-MONTHS>
				</DERIVED-ATTRIBUTES>
				<PRIMARY-ACCOUNTS-SUMMARY>
					<PRIMARY-NUMBER-OF-ACCOUNTS>39</PRIMARY-NUMBER-OF-ACCOUNTS>
					<PRIMARY-ACTIVE-NUMBER-OF-ACCOUNTS>12</PRIMARY-ACTIVE-NUMBER-OF-ACCOUNTS>
					<PRIMARY-OVERDUE-NUMBER-OF-ACCOUNTS>0</PRIMARY-OVERDUE-NUMBER-OF-ACCOUNTS>
					<PRIMARY-SECURED-NUMBER-OF-ACCOUNTS>0</PRIMARY-SECURED-NUMBER-OF-ACCOUNTS>
					<PRIMARY-UNSECURED-NUMBER-OF-ACCOUNTS>0</PRIMARY-UNSECURED-NUMBER-OF-ACCOUNTS>
					<PRIMARY-UNTAGGED-NUMBER-OF-ACCOUNTS>0</PRIMARY-UNTAGGED-NUMBER-OF-ACCOUNTS>
					<PRIMARY-CURRENT-BALANCE>1229646</PRIMARY-CURRENT-BALANCE>
					<PRIMARY-SANCTIONED-AMOUNT>1578990</PRIMARY-SANCTIONED-AMOUNT>
					<PRIMARY-DISBURSED-AMOUNT>1578990</PRIMARY-DISBURSED-AMOUNT>
				</PRIMARY-ACCOUNTS-SUMMARY>
				<SECONDARY-ACCOUNTS-SUMMARY>
					<SECONDARY-NUMBER-OF-ACCOUNTS>0</SECONDARY-NUMBER-OF-ACCOUNTS>
					<SECONDARY-ACTIVE-NUMBER-OF-ACCOUNTS>0</SECONDARY-ACTIVE-NUMBER-OF-ACCOUNTS>
					<SECONDARY-OVERDUE-NUMBER-OF-ACCOUNTS>0</SECONDARY-OVERDUE-NUMBER-OF-ACCOUNTS>
					<SECONDARY-SECURED-NUMBER-OF-ACCOUNTS>0</SECONDARY-SECURED-NUMBER-OF-ACCOUNTS>
					<SECONDARY-UNSECURED-NUMBER-OF-ACCOUNTS>0</SECONDARY-UNSECURED-NUMBER-OF-ACCOUNTS>
					<SECONDARY-UNTAGGED-NUMBER-OF-ACCOUNTS>0</SECONDARY-UNTAGGED-NUMBER-OF-ACCOUNTS>
					<SECONDARY-CURRENT-BALANCE>0</SECONDARY-CURRENT-BALANCE>
					<SECONDARY-SANCTIONED-AMOUNT>0</SECONDARY-SANCTIONED-AMOUNT>
					<SECONDARY-DISBURSED-AMOUNT>0</SECONDARY-DISBURSED-AMOUNT>
				</SECONDARY-ACCOUNTS-SUMMARY>
			</ACCOUNTS-SUMMARY>
			<ALERTS>
				<ALERT>
					<ALERT-DESC>NO</ALERT-DESC>
				</ALERT>
			</ALERTS>
			<SCORES>
				<SCORE>
					<SCORE-TYPE>PERFORM-Consumer</SCORE-TYPE>
					<SCORE-VALUE>653</SCORE-VALUE>
					<SCORE-COMMENTS>J-High Risk</SCORE-COMMENTS>
				</SCORE>
			</SCORES>
			<INQUIRY-HISTORY>
				<HISTORY>
					<MEMBER-NAME>XXXX</MEMBER-NAME>
					<INQUIRY-DATE>09-10-2017</INQUIRY-DATE>
					<PURPOSE>Other</PURPOSE>
					<AMOUNT>0</AMOUNT>
					<REMARK></REMARK>
				</HISTORY>
				<HISTORY>
					<MEMBER-NAME>XXXX</MEMBER-NAME>
					<INQUIRY-DATE>07-07-2018</INQUIRY-DATE>
					<PURPOSE>OTHER</PURPOSE>
					<AMOUNT>1,000</AMOUNT>
					<REMARK></REMARK>
				</HISTORY>
				<HISTORY>
					<MEMBER-NAME>XXXX</MEMBER-NAME>
					<INQUIRY-DATE>01-03-2019</INQUIRY-DATE>
					<PURPOSE>OTHER</PURPOSE>
					<AMOUNT>60,000</AMOUNT>
					<REMARK></REMARK>
				</HISTORY>
				<HISTORY>
					<MEMBER-NAME>XXXX</MEMBER-NAME>
					<INQUIRY-DATE>22-04-2019</INQUIRY-DATE>
					<PURPOSE>OTHER</PURPOSE>
					<AMOUNT>1,000</AMOUNT>
					<REMARK></REMARK>
				</HISTORY>
				<HISTORY>
					<MEMBER-NAME>XXXX</MEMBER-NAME>
					<INQUIRY-DATE>18-11-2018</INQUIRY-DATE>
					<PURPOSE>Other</PURPOSE>
					<AMOUNT>0</AMOUNT>
					<REMARK></REMARK>
				</HISTORY>
				<HISTORY>
					<MEMBER-NAME>XXXX</MEMBER-NAME>
					<INQUIRY-DATE>08-09-2018</INQUIRY-DATE>
					<PURPOSE>Other</PURPOSE>
					<AMOUNT>0</AMOUNT>
					<REMARK></REMARK>
				</HISTORY>
				<HISTORY>
					<MEMBER-NAME>XXXX</MEMBER-NAME>
					<INQUIRY-DATE>25-04-2018</INQUIRY-DATE>
					<PURPOSE>Other</PURPOSE>
					<AMOUNT>0</AMOUNT>
					<REMARK></REMARK>
				</HISTORY>
				<HISTORY>
					<MEMBER-NAME>XXXX</MEMBER-NAME>
					<INQUIRY-DATE>20-01-2018</INQUIRY-DATE>
					<PURPOSE>Other</PURPOSE>
					<AMOUNT>0</AMOUNT>
					<REMARK></REMARK>
				</HISTORY>
				<HISTORY>
					<MEMBER-NAME>XXXX</MEMBER-NAME>
					<INQUIRY-DATE>24-11-2017</INQUIRY-DATE>
					<PURPOSE>Other</PURPOSE>
					<AMOUNT>1</AMOUNT>
					<REMARK></REMARK>
				</HISTORY>
			</INQUIRY-HISTORY>
			<RESPONSES>
				<RESPONSE>
					<LOAN-DETAILS>
						<ACCT-NUMBER>XXXX</ACCT-NUMBER>
						<CREDIT-GUARANTOR>XXXX</CREDIT-GUARANTOR>
						<ACCT-TYPE>Used Car Loan</ACCT-TYPE>
						<DATE-REPORTED>31-03-2018</DATE-REPORTED>
						<OWNERSHIP-IND>Individual</OWNERSHIP-IND>
						<ACCOUNT-STATUS>Closed</ACCOUNT-STATUS>
						<DISBURSED-AMT>2,21,850</DISBURSED-AMT>
						<DISBURSED-DATE>22-05-2015</DISBURSED-DATE>
						<LAST-PAYMENT-DATE>29-01-2018</LAST-PAYMENT-DATE>
						<CLOSED-DATE>29-01-2018</CLOSED-DATE>
						<INSTALLMENT-AMT>6,692/Monthly</INSTALLMENT-AMT>
						<OVERDUE-AMT>0</OVERDUE-AMT>
						<WRITE-OFF-AMT>0</WRITE-OFF-AMT>
						<CURRENT-BAL>0</CURRENT-BAL>
						<SECURITY-STATUS>Secured</SECURITY-STATUS>
						<COMBINED-PAYMENT-HISTORY>Jan:2018,000/XXX|Dec:2017,000/XXX|Nov:2017,000/XXX|Oct:2017,000/XXX|Sep:2017,000/XXX|Aug:2017,000/XXX|Jul:2017,000/XXX|Jun:2017,000/XXX|May:2017,000/XXX|Apr:2017,000/XXX|Mar:2017,000/XXX|Feb:2017,000/XXX|Jan:2017,000/XXX|Dec:2016,000/XXX|Nov:2016,000/XXX|Oct:2016,000/XXX|Sep:2016,000/XXX|Aug:2016,000/XXX|Jul:2016,000/XXX|Jun:2016,000/XXX|May:2016,000/XXX|Apr:2016,000/XXX|Mar:2016,000/XXX|Feb:2016,000/XXX|Jan:2016,000/XXX|Dec:2015,000/XXX|Nov:2015,000/XXX|Oct:2015,000/XXX|Sep:2015,000/XXX|Aug:2015,000/XXX|Jul:2015,000/XXX|Jun:2015,000/XXX|</COMBINED-PAYMENT-HISTORY>
						<MATCHED-TYPE>PRIMARY</MATCHED-TYPE>
						<SUIT-FILED_WILFUL-DEFAULT>No Suit filed</SUIT-FILED_WILFUL-DEFAULT>
						<SECURITY-DETAILS></SECURITY-DETAILS>
						<LINKED-ACCOUNTS></LINKED-ACCOUNTS>
					</LOAN-DETAILS>
				</RESPONSE>
				<RESPONSE>
					<LOAN-DETAILS>
						<ACCT-NUMBER>XXXX</ACCT-NUMBER>
						<CREDIT-GUARANTOR>XXXX</CREDIT-GUARANTOR>
						<ACCT-TYPE>Gold Loan</ACCT-TYPE>
						<DATE-REPORTED>30-04-2018</DATE-REPORTED>
						<OWNERSHIP-IND>Individual</OWNERSHIP-IND>
						<ACCOUNT-STATUS>Closed</ACCOUNT-STATUS>
						<DISBURSED-AMT>54,997</DISBURSED-AMT>
						<DISBURSED-DATE>19-07-2017</DISBURSED-DATE>
						<LAST-PAYMENT-DATE>28-04-2018</LAST-PAYMENT-DATE>
						<CLOSED-DATE>28-04-2018</CLOSED-DATE>
						<OVERDUE-AMT>0</OVERDUE-AMT>
						<WRITE-OFF-AMT>0</WRITE-OFF-AMT>
						<CURRENT-BAL>0</CURRENT-BAL>
						<SECURITY-STATUS>Secured</SECURITY-STATUS>
						<COMBINED-PAYMENT-HISTORY>Apr:2018,000/XXX|Mar:2018,000/STD|Feb:2018,000/STD|Jan:2018,000/STD|Dec:2017,000/STD|Nov:2017,000/STD|Oct:2017,000/STD|Sep:2017,000/STD|Aug:2017,000/STD|Jul:2017,000/STD|</COMBINED-PAYMENT-HISTORY>
						<MATCHED-TYPE>PRIMARY</MATCHED-TYPE>
						<SECURITY-DETAILS></SECURITY-DETAILS>
						<LINKED-ACCOUNTS></LINKED-ACCOUNTS>
					</LOAN-DETAILS>
				</RESPONSE>
				<RESPONSE>
					<LOAN-DETAILS>
						<ACCT-NUMBER>XXXX</ACCT-NUMBER>
						<CREDIT-GUARANTOR>XXXX</CREDIT-GUARANTOR>
						<ACCT-TYPE>Credit Card</ACCT-TYPE>
						<DATE-REPORTED>30-04-2019</DATE-REPORTED>
						<OWNERSHIP-IND>Individual</OWNERSHIP-IND>
						<ACCOUNT-STATUS>Active</ACCOUNT-STATUS>
						<DISBURSED-AMT>1,04,929</DISBURSED-AMT>
						<DISBURSED-DATE>28-12-2015</DISBURSED-DATE>
						<LAST-PAYMENT-DATE>13-06-2017</LAST-PAYMENT-DATE>
						<OVERDUE-AMT>0</OVERDUE-AMT>
						<WRITE-OFF-AMT>0</WRITE-OFF-AMT>
						<CURRENT-BAL>0</CURRENT-BAL>
						<CREDIT-LIMIT>1,35,000</CREDIT-LIMIT>
						<SECURITY-STATUS>Un-secured</SECURITY-STATUS>
						<COMBINED-PAYMENT-HISTORY>Apr:2019,000/XXX|Mar:2019,000/XXX|Feb:2019,000/XXX|Jan:2019,000/XXX|Dec:2018,000/XXX|Nov:2018,000/XXX|Oct:2018,000/XXX|Sep:2018,000/XXX|Aug:2018,000/XXX|Jul:2018,000/XXX|Jun:2018,000/XXX|May:2018,000/XXX|Apr:2018,000/XXX|Mar:2018,000/XXX|Feb:2018,DDD/DDD|Jan:2018,000/XXX|Dec:2017,000/XXX|Nov:2017,000/XXX|Oct:2017,000/XXX|Sep:2017,000/XXX|Aug:2017,000/XXX|Jul:2017,000/XXX|Jun:2017,000/XXX|May:2017,DDD/DDD|Apr:2017,000/XXX|Mar:2017,000/XXX|Feb:2017,054/XXX|Jan:2017,056/XXX|Dec:2016,057/XXX|Nov:2016,086/XXX|Oct:2016,056/XXX|Sep:2016,025/XXX|Aug:2016,000/XXX|Jul:2016,000/XXX|Jun:2016,000/XXX|May:2016,000/XXX|</COMBINED-PAYMENT-HISTORY>
						<MATCHED-TYPE>PRIMARY</MATCHED-TYPE>
						<ACTUAL-PAYMENT>241</ACTUAL-PAYMENT>
						<SECURITY-DETAILS></SECURITY-DETAILS>
						<LINKED-ACCOUNTS></LINKED-ACCOUNTS>
					</LOAN-DETAILS>
				</RESPONSE>
				<RESPONSE>
					<LOAN-DETAILS>
						<ACCT-NUMBER>XXXX</ACCT-NUMBER>
						<CREDIT-GUARANTOR>XXXX</CREDIT-GUARANTOR>
						<ACCT-TYPE>Personal Loan</ACCT-TYPE>
						<DATE-REPORTED>31-01-2019</DATE-REPORTED>
						<OWNERSHIP-IND>Individual</OWNERSHIP-IND>
						<ACCOUNT-STATUS>Closed</ACCOUNT-STATUS>
						<DISBURSED-AMT>10,000</DISBURSED-AMT>
						<DISBURSED-DATE>24-01-2019</DISBURSED-DATE>
						<LAST-PAYMENT-DATE>31-01-2019</LAST-PAYMENT-DATE>
						<CLOSED-DATE>31-01-2019</CLOSED-DATE>
						<WRITE-OFF-AMT>0</WRITE-OFF-AMT>
						<CURRENT-BAL>0</CURRENT-BAL>
						<SECURITY-STATUS>Un-secured</SECURITY-STATUS>
						<COMBINED-PAYMENT-HISTORY>Jan:2019,000/XXX|</COMBINED-PAYMENT-HISTORY>
						<MATCHED-TYPE>PRIMARY</MATCHED-TYPE>
						<SECURITY-DETAILS></SECURITY-DETAILS>
						<LINKED-ACCOUNTS></LINKED-ACCOUNTS>
					</LOAN-DETAILS>
				</RESPONSE>
				<RESPONSE>
					<LOAN-DETAILS>
						<ACCT-NUMBER>XXXX</ACCT-NUMBER>
						<CREDIT-GUARANTOR>XXXX</CREDIT-GUARANTOR>
						<ACCT-TYPE>Personal Loan</ACCT-TYPE>
						<DATE-REPORTED>30-04-2019</DATE-REPORTED>
						<OWNERSHIP-IND>Individual</OWNERSHIP-IND>
						<ACCOUNT-STATUS>Closed</ACCOUNT-STATUS>
						<DISBURSED-AMT>5,000</DISBURSED-AMT>
						<DISBURSED-DATE>26-08-2018</DISBURSED-DATE>
						<CLOSED-DATE>31-12-2018</CLOSED-DATE>
						<INSTALLMENT-AMT>0</INSTALLMENT-AMT>
						<OVERDUE-AMT>0</OVERDUE-AMT>
						<WRITE-OFF-AMT>0</WRITE-OFF-AMT>
						<CURRENT-BAL>0</CURRENT-BAL>
						<SECURITY-STATUS>Un-secured</SECURITY-STATUS>
						<COMBINED-PAYMENT-HISTORY>Dec:2018,000/XXX|Nov:2018,000/XXX|Oct:2018,000/XXX|Sep:2018,000/XXX|Aug:2018,000/XXX|</COMBINED-PAYMENT-HISTORY>
						<MATCHED-TYPE>PRIMARY</MATCHED-TYPE>
						<SECURITY-DETAILS>
							<SECURITY-DETAIL>
								<SECURITY-TYPE>No Collateral</SECURITY-TYPE>
								<OWNER-NAME></OWNER-NAME>
								<SECURITY-VALUE>0</SECURITY-VALUE>
								<DATE-OF-VALUE></DATE-OF-VALUE>
								<SECURITY-CHARGE></SECURITY-CHARGE>
								<PROPERTY-ADDRESS></PROPERTY-ADDRESS>
								<AUTOMOBILE-TYPE></AUTOMOBILE-TYPE>
								<YEAR-OF-MANUFACTURE></YEAR-OF-MANUFACTURE>
								<REGISTRATION-NUMBER></REGISTRATION-NUMBER>
								<ENGINE-NUMBER></ENGINE-NUMBER>
								<CHASSIS-NUMBER></CHASSIS-NUMBER>
							</SECURITY-DETAIL>
						</SECURITY-DETAILS>
						<LINKED-ACCOUNTS></LINKED-ACCOUNTS>
					</LOAN-DETAILS>
				</RESPONSE>
				<RESPONSE>
					<LOAN-DETAILS>
						<ACCT-NUMBER>XXXX</ACCT-NUMBER>
						<CREDIT-GUARANTOR>XXXX</CREDIT-GUARANTOR>
						<ACCT-TYPE>Personal Loan</ACCT-TYPE>
						<DATE-REPORTED>30-04-2019</DATE-REPORTED>
						<OWNERSHIP-IND>Individual</OWNERSHIP-IND>
						<ACCOUNT-STATUS>Closed</ACCOUNT-STATUS>
						<DISBURSED-AMT>8,000</DISBURSED-AMT>
						<DISBURSED-DATE>28-11-2018</DISBURSED-DATE>
						<CLOSED-DATE>23-02-2019</CLOSED-DATE>
						<INSTALLMENT-AMT>0</INSTALLMENT-AMT>
						<OVERDUE-AMT>0</OVERDUE-AMT>
						<WRITE-OFF-AMT>0</WRITE-OFF-AMT>
						<CURRENT-BAL>0</CURRENT-BAL>
						<SECURITY-STATUS>Un-secured</SECURITY-STATUS>
						<COMBINED-PAYMENT-HISTORY>Feb:2019,000/XXX|Jan:2019,000/XXX|Dec:2018,000/XXX|Nov:2018,000/XXX|</COMBINED-PAYMENT-HISTORY>
						<MATCHED-TYPE>PRIMARY</MATCHED-TYPE>
						<SECURITY-DETAILS>
							<SECURITY-DETAIL>
								<SECURITY-TYPE>No Collateral</SECURITY-TYPE>
								<OWNER-NAME></OWNER-NAME>
								<SECURITY-VALUE>0</SECURITY-VALUE>
								<DATE-OF-VALUE></DATE-OF-VALUE>
								<SECURITY-CHARGE></SECURITY-CHARGE>
								<PROPERTY-ADDRESS></PROPERTY-ADDRESS>
								<AUTOMOBILE-TYPE></AUTOMOBILE-TYPE>
								<YEAR-OF-MANUFACTURE></YEAR-OF-MANUFACTURE>
								<REGISTRATION-NUMBER></REGISTRATION-NUMBER>
								<ENGINE-NUMBER></ENGINE-NUMBER>
								<CHASSIS-NUMBER></CHASSIS-NUMBER>
							</SECURITY-DETAIL>
						</SECURITY-DETAILS>
						<LINKED-ACCOUNTS></LINKED-ACCOUNTS>
					</LOAN-DETAILS>
				</RESPONSE>
				<RESPONSE>
					<LOAN-DETAILS>
						<ACCT-NUMBER>XXXX</ACCT-NUMBER>
						<CREDIT-GUARANTOR>XXXX</CREDIT-GUARANTOR>
						<ACCT-TYPE>Used Car Loan</ACCT-TYPE>
						<DATE-REPORTED>31-03-2019</DATE-REPORTED>
						<OWNERSHIP-IND>Individual</OWNERSHIP-IND>
						<ACCOUNT-STATUS>Closed</ACCOUNT-STATUS>
						<DISBURSED-AMT>1,32,000</DISBURSED-AMT>
						<DISBURSED-DATE>31-10-2013</DISBURSED-DATE>
						<LAST-PAYMENT-DATE>20-05-2015</LAST-PAYMENT-DATE>
						<CLOSED-DATE>03-06-2015</CLOSED-DATE>
						<WRITE-OFF-AMT>0</WRITE-OFF-AMT>
						<CURRENT-BAL>0</CURRENT-BAL>
						<SECURITY-STATUS>Secured</SECURITY-STATUS>
						<COMBINED-PAYMENT-HISTORY>May:2015,XXX/XXX|Apr:2015,XXX/XXX|Mar:2015,XXX/XXX|Feb:2015,XXX/XXX|Jan:2015,XXX/XXX|Dec:2014,XXX/XXX|Nov:2014,XXX/XXX|Oct:2014,XXX/XXX|Sep:2014,XXX/XXX|Aug:2014,XXX/XXX|Jul:2014,XXX/XXX|Jun:2014,XXX/XXX|May:2014,XXX/XXX|Apr:2014,XXX/XXX|Mar:2014,XXX/XXX|Feb:2014,XXX/XXX|Jan:2014,XXX/XXX|Dec:2013,XXX/XXX|Nov:2013,XXX/XXX|</COMBINED-PAYMENT-HISTORY>
						<MATCHED-TYPE>PRIMARY</MATCHED-TYPE>
						<SECURITY-DETAILS></SECURITY-DETAILS>
						<LINKED-ACCOUNTS></LINKED-ACCOUNTS>
					</LOAN-DETAILS>
				</RESPONSE>
				<RESPONSE>
					<LOAN-DETAILS>
						<ACCT-NUMBER>XXXX</ACCT-NUMBER>
						<CREDIT-GUARANTOR>XXXX</CREDIT-GUARANTOR>
						<ACCT-TYPE>Personal Loan</ACCT-TYPE>
						<DATE-REPORTED>30-04-2018</DATE-REPORTED>
						<OWNERSHIP-IND>Individual</OWNERSHIP-IND>
						<ACCOUNT-STATUS>Closed</ACCOUNT-STATUS>
						<DISBURSED-AMT>2,50,000</DISBURSED-AMT>
						<DISBURSED-DATE>27-04-2016</DISBURSED-DATE>
						<LAST-PAYMENT-DATE>20-04-2018</LAST-PAYMENT-DATE>
						<CLOSED-DATE>29-04-2018</CLOSED-DATE>
						<INSTALLMENT-AMT>10,487/Monthly</INSTALLMENT-AMT>
						<OVERDUE-AMT>0</OVERDUE-AMT>
						<WRITE-OFF-AMT>0</WRITE-OFF-AMT>
						<CURRENT-BAL>0</CURRENT-BAL>
						<SECURITY-STATUS>Un-secured</SECURITY-STATUS>
						<COMBINED-PAYMENT-HISTORY>Apr:2018,000/XXX|Mar:2018,000/XXX|Feb:2018,000/XXX|Jan:2018,000/XXX|Dec:2017,000/XXX|Nov:2017,000/XXX|Oct:2017,000/XXX|Sep:2017,000/XXX|Aug:2017,000/XXX|Jul:2017,000/XXX|Jun:2017,000/XXX|May:2017,000/XXX|Apr:2017,000/XXX|Mar:2017,000/XXX|Feb:2017,000/XXX|Jan:2017,000/XXX|Dec:2016,000/XXX|Nov:2016,000/XXX|Oct:2016,000/XXX|Sep:2016,000/XXX|Aug:2016,000/XXX|Jul:2016,000/XXX|Jun:2016,000/XXX|May:2016,000/XXX|Apr:2016,XXX/STD|</COMBINED-PAYMENT-HISTORY>
						<MATCHED-TYPE>PRIMARY</MATCHED-TYPE>
						<SUIT-FILED_WILFUL-DEFAULT>No Suit filed</SUIT-FILED_WILFUL-DEFAULT>
						<ACTUAL-PAYMENT>3,85,019</ACTUAL-PAYMENT>
						<SECURITY-DETAILS></SECURITY-DETAILS>
						<LINKED-ACCOUNTS></LINKED-ACCOUNTS>
					</LOAN-DETAILS>
				</RESPONSE>
				<RESPONSE>
					<LOAN-DETAILS>
						<ACCT-NUMBER>XXXX</ACCT-NUMBER>
						<CREDIT-GUARANTOR>XXXX</CREDIT-GUARANTOR>
						<ACCT-TYPE>Personal Loan</ACCT-TYPE>
						<DATE-REPORTED>30-04-2019</DATE-REPORTED>
						<OWNERSHIP-IND>Individual</OWNERSHIP-IND>
						<ACCOUNT-STATUS>Active</ACCOUNT-STATUS>
						<DISBURSED-AMT>12,700</DISBURSED-AMT>
						<DISBURSED-DATE>24-11-2017</DISBURSED-DATE>
						<WRITE-OFF-AMT>0</WRITE-OFF-AMT>
						<CURRENT-BAL>10,206</CURRENT-BAL>
						<SECURITY-STATUS>Un-secured</SECURITY-STATUS>
						<COMBINED-PAYMENT-HISTORY>Apr:2019,XXX/STD|Mar:2019,DDD/DDD|Feb:2019,XXX/STD|Jan:2019,DDD/DDD|Dec:2018,XXX/STD|Nov:2018,XXX/STD|Oct:2018,XXX/STD|Sep:2018,XXX/STD|Aug:2018,XXX/STD|Jul:2018,XXX/STD|Jun:2018,XXX/STD|May:2018,XXX/STD|Apr:2018,XXX/STD|Mar:2018,XXX/STD|Feb:2018,XXX/STD|Jan:2018,XXX/STD|Dec:2017,XXX/STD|Nov:2017,XXX/STD|</COMBINED-PAYMENT-HISTORY>
						<MATCHED-TYPE>PRIMARY</MATCHED-TYPE>
						<SECURITY-DETAILS></SECURITY-DETAILS>
						<LINKED-ACCOUNTS></LINKED-ACCOUNTS>
					</LOAN-DETAILS>
				</RESPONSE>
				<RESPONSE>
					<LOAN-DETAILS>
						<ACCT-NUMBER>XXXX</ACCT-NUMBER>
						<CREDIT-GUARANTOR>XXXX</CREDIT-GUARANTOR>
						<ACCT-TYPE>Personal Loan</ACCT-TYPE>
						<DATE-REPORTED>30-04-2019</DATE-REPORTED>
						<OWNERSHIP-IND>Individual</OWNERSHIP-IND>
						<ACCOUNT-STATUS>Closed</ACCOUNT-STATUS>
						<DISBURSED-AMT>8,000</DISBURSED-AMT>
						<DISBURSED-DATE>24-09-2018</DISBURSED-DATE>
						<CLOSED-DATE>31-12-2018</CLOSED-DATE>
						<INSTALLMENT-AMT>0</INSTALLMENT-AMT>
						<OVERDUE-AMT>0</OVERDUE-AMT>
						<WRITE-OFF-AMT>0</WRITE-OFF-AMT>
						<CURRENT-BAL>0</CURRENT-BAL>
						<SECURITY-STATUS>Un-secured</SECURITY-STATUS>
						<COMBINED-PAYMENT-HISTORY>Dec:2018,000/XXX|Nov:2018,000/XXX|Oct:2018,000/XXX|Sep:2018,000/XXX|</COMBINED-PAYMENT-HISTORY>
						<MATCHED-TYPE>PRIMARY</MATCHED-TYPE>
						<SECURITY-DETAILS>
							<SECURITY-DETAIL>
								<SECURITY-TYPE>No Collateral</SECURITY-TYPE>
								<OWNER-NAME></OWNER-NAME>
								<SECURITY-VALUE>0</SECURITY-VALUE>
								<DATE-OF-VALUE></DATE-OF-VALUE>
								<SECURITY-CHARGE></SECURITY-CHARGE>
								<PROPERTY-ADDRESS></PROPERTY-ADDRESS>
								<AUTOMOBILE-TYPE></AUTOMOBILE-TYPE>
								<YEAR-OF-MANUFACTURE></YEAR-OF-MANUFACTURE>
								<REGISTRATION-NUMBER></REGISTRATION-NUMBER>
								<ENGINE-NUMBER></ENGINE-NUMBER>
								<CHASSIS-NUMBER></CHASSIS-NUMBER>
							</SECURITY-DETAIL>
						</SECURITY-DETAILS>
						<LINKED-ACCOUNTS></LINKED-ACCOUNTS>
					</LOAN-DETAILS>
				</RESPONSE>
				<RESPONSE>
					<LOAN-DETAILS>
						<ACCT-NUMBER>XXXX</ACCT-NUMBER>
						<CREDIT-GUARANTOR>XXXX</CREDIT-GUARANTOR>
						<ACCT-TYPE>Consumer Loan</ACCT-TYPE>
						<DATE-REPORTED>31-01-2019</DATE-REPORTED>
						<OWNERSHIP-IND>Individual</OWNERSHIP-IND>
						<ACCOUNT-STATUS>Active</ACCOUNT-STATUS>
						<DISBURSED-AMT>7,992</DISBURSED-AMT>
						<DISBURSED-DATE>20-11-2018</DISBURSED-DATE>
						<LAST-PAYMENT-DATE>05-01-2019</LAST-PAYMENT-DATE>
						<INSTALLMENT-AMT>1,023/Monthly</INSTALLMENT-AMT>
						<WRITE-OFF-AMT>0</WRITE-OFF-AMT>
						<SECURITY-STATUS>Un-secured</SECURITY-STATUS>
						<COMBINED-PAYMENT-HISTORY>Jan:2019,XXX/XXX|Dec:2018,XXX/XXX|Nov:2018,000/XXX|</COMBINED-PAYMENT-HISTORY>
						<MATCHED-TYPE>PRIMARY</MATCHED-TYPE>
						<SECURITY-DETAILS></SECURITY-DETAILS>
						<LINKED-ACCOUNTS></LINKED-ACCOUNTS>
					</LOAN-DETAILS>
				</RESPONSE>
				<RESPONSE>
					<LOAN-DETAILS>
						<ACCT-NUMBER>XXXX</ACCT-NUMBER>
						<CREDIT-GUARANTOR>XXXX</CREDIT-GUARANTOR>
						<ACCT-TYPE>Personal Loan</ACCT-TYPE>
						<DATE-REPORTED>28-02-2019</DATE-REPORTED>
						<OWNERSHIP-IND>Individual</OWNERSHIP-IND>
						<ACCOUNT-STATUS>Active</ACCOUNT-STATUS>
						<DISBURSED-AMT>10,000</DISBURSED-AMT>
						<DISBURSED-DATE>10-12-2018</DISBURSED-DATE>
						<LAST-PAYMENT-DATE>06-02-2019</LAST-PAYMENT-DATE>
						<INSTALLMENT-AMT>3,604/Monthly</INSTALLMENT-AMT>
						<OVERDUE-AMT>0</OVERDUE-AMT>
						<WRITE-OFF-AMT>0</WRITE-OFF-AMT>
						<CURRENT-BAL>3,465</CURRENT-BAL>
						<SECURITY-STATUS>Un-secured</SECURITY-STATUS>
						<COMBINED-PAYMENT-HISTORY>Feb:2019,000/XXX|Jan:2019,000/XXX|Dec:2018,000/XXX|</COMBINED-PAYMENT-HISTORY>
						<MATCHED-TYPE>PRIMARY</MATCHED-TYPE>
						<SECURITY-DETAILS></SECURITY-DETAILS>
						<LINKED-ACCOUNTS></LINKED-ACCOUNTS>
					</LOAN-DETAILS>
				</RESPONSE>
				<RESPONSE>
					<LOAN-DETAILS>
						<ACCT-NUMBER>XXXX</ACCT-NUMBER>
						<CREDIT-GUARANTOR>XXXX</CREDIT-GUARANTOR>
						<ACCT-TYPE>Credit Card</ACCT-TYPE>
						<DATE-REPORTED>12-03-2019</DATE-REPORTED>
						<OWNERSHIP-IND>Individual</OWNERSHIP-IND>
						<ACCOUNT-STATUS>Active</ACCOUNT-STATUS>
						<DISBURSED-AMT>10,242</DISBURSED-AMT>
						<DISBURSED-DATE>03-12-2018</DISBURSED-DATE>
						<LAST-PAYMENT-DATE>12-02-2019</LAST-PAYMENT-DATE>
						<WRITE-OFF-AMT>0</WRITE-OFF-AMT>
						<CURRENT-BAL>10,242</CURRENT-BAL>
						<CREDIT-LIMIT>70,000</CREDIT-LIMIT>
						<SECURITY-STATUS>Un-secured</SECURITY-STATUS>
						<COMBINED-PAYMENT-HISTORY>Mar:2019,000/XXX|Feb:2019,000/XXX|Jan:2019,000/XXX|</COMBINED-PAYMENT-HISTORY>
						<MATCHED-TYPE>PRIMARY</MATCHED-TYPE>
						<SECURITY-DETAILS></SECURITY-DETAILS>
						<LINKED-ACCOUNTS></LINKED-ACCOUNTS>
					</LOAN-DETAILS>
				</RESPONSE>
				<RESPONSE>
					<LOAN-DETAILS>
						<ACCT-NUMBER>XXXX</ACCT-NUMBER>
						<CREDIT-GUARANTOR>XXXX</CREDIT-GUARANTOR>
						<ACCT-TYPE>Personal Loan</ACCT-TYPE>
						<DATE-REPORTED>30-04-2019</DATE-REPORTED>
						<OWNERSHIP-IND>Individual</OWNERSHIP-IND>
						<ACCOUNT-STATUS>Closed</ACCOUNT-STATUS>
						<DISBURSED-AMT>8,000</DISBURSED-AMT>
						<DISBURSED-DATE>12-12-2018</DISBURSED-DATE>
						<CLOSED-DATE>24-01-2019</CLOSED-DATE>
						<INSTALLMENT-AMT>0</INSTALLMENT-AMT>
						<OVERDUE-AMT>0</OVERDUE-AMT>
						<WRITE-OFF-AMT>0</WRITE-OFF-AMT>
						<CURRENT-BAL>0</CURRENT-BAL>
						<SECURITY-STATUS>Un-secured</SECURITY-STATUS>
						<COMBINED-PAYMENT-HISTORY>Jan:2019,000/XXX|Dec:2018,000/XXX|</COMBINED-PAYMENT-HISTORY>
						<MATCHED-TYPE>PRIMARY</MATCHED-TYPE>
						<SECURITY-DETAILS>
							<SECURITY-DETAIL>
								<SECURITY-TYPE>No Collateral</SECURITY-TYPE>
								<OWNER-NAME></OWNER-NAME>
								<SECURITY-VALUE>0</SECURITY-VALUE>
								<DATE-OF-VALUE></DATE-OF-VALUE>
								<SECURITY-CHARGE></SECURITY-CHARGE>
								<PROPERTY-ADDRESS></PROPERTY-ADDRESS>
								<AUTOMOBILE-TYPE></AUTOMOBILE-TYPE>
								<YEAR-OF-MANUFACTURE></YEAR-OF-MANUFACTURE>
								<REGISTRATION-NUMBER></REGISTRATION-NUMBER>
								<ENGINE-NUMBER></ENGINE-NUMBER>
								<CHASSIS-NUMBER></CHASSIS-NUMBER>
							</SECURITY-DETAIL>
						</SECURITY-DETAILS>
						<LINKED-ACCOUNTS></LINKED-ACCOUNTS>
					</LOAN-DETAILS>
				</RESPONSE>
				<RESPONSE>
					<LOAN-DETAILS>
						<ACCT-NUMBER>XXXX</ACCT-NUMBER>
						<CREDIT-GUARANTOR>XXXX</CREDIT-GUARANTOR>
						<ACCT-TYPE>Personal Loan</ACCT-TYPE>
						<DATE-REPORTED>30-11-2014</DATE-REPORTED>
						<OWNERSHIP-IND>Individual</OWNERSHIP-IND>
						<ACCOUNT-STATUS>Closed</ACCOUNT-STATUS>
						<DISBURSED-AMT>39,000</DISBURSED-AMT>
						<DISBURSED-DATE>16-02-2010</DISBURSED-DATE>
						<LAST-PAYMENT-DATE>15-03-2013</LAST-PAYMENT-DATE>
						<CLOSED-DATE>08-03-2014</CLOSED-DATE>
						<OVERDUE-AMT>0</OVERDUE-AMT>
						<WRITE-OFF-AMT>0</WRITE-OFF-AMT>
						<CURRENT-BAL>0</CURRENT-BAL>
						<SECURITY-STATUS>Un-secured</SECURITY-STATUS>
						<COMBINED-PAYMENT-HISTORY>Feb:2014,XXX/XXX|Jan:2014,XXX/XXX|Dec:2013,XXX/XXX|Nov:2013,XXX/XXX|Oct:2013,XXX/XXX|Sep:2013,XXX/XXX|Aug:2013,XXX/XXX|Jul:2013,XXX/XXX|Jun:2013,XXX/XXX|May:2013,XXX/XXX|Apr:2013,XXX/XXX|Mar:2013,XXX/XXX|Feb:2013,XXX/XXX|Jan:2013,XXX/XXX|Dec:2012,XXX/XXX|Nov:2012,XXX/XXX|Oct:2012,XXX/XXX|Sep:2012,XXX/XXX|Aug:2012,XXX/XXX|Jul:2012,XXX/XXX|Jun:2012,XXX/XXX|May:2012,XXX/XXX|Apr:2012,XXX/XXX|Mar:2012,XXX/XXX|Feb:2012,XXX/XXX|Jan:2012,XXX/XXX|Dec:2011,XXX/XXX|Nov:2011,XXX/XXX|Oct:2011,XXX/XXX|Sep:2011,XXX/XXX|Aug:2011,XXX/XXX|Jul:2011,XXX/XXX|Jun:2011,XXX/XXX|May:2011,XXX/XXX|Apr:2011,XXX/XXX|Mar:2011,XXX/XXX|</COMBINED-PAYMENT-HISTORY>
						<MATCHED-TYPE>PRIMARY</MATCHED-TYPE>
						<SECURITY-DETAILS></SECURITY-DETAILS>
						<LINKED-ACCOUNTS></LINKED-ACCOUNTS>
					</LOAN-DETAILS>
				</RESPONSE>
				<RESPONSE>
					<LOAN-DETAILS>
						<ACCT-NUMBER>XXXX</ACCT-NUMBER>
						<CREDIT-GUARANTOR>XXXX</CREDIT-GUARANTOR>
						<ACCT-TYPE>Personal Loan</ACCT-TYPE>
						<DATE-REPORTED>28-02-2019</DATE-REPORTED>
						<OWNERSHIP-IND>Individual</OWNERSHIP-IND>
						<ACCOUNT-STATUS>Active</ACCOUNT-STATUS>
						<DISBURSED-AMT>38,000</DISBURSED-AMT>
						<DISBURSED-DATE>15-06-2018</DISBURSED-DATE>
						<OVERDUE-AMT>0</OVERDUE-AMT>
						<WRITE-OFF-AMT>0</WRITE-OFF-AMT>
						<CURRENT-BAL>0</CURRENT-BAL>
						<SECURITY-STATUS>Un-secured</SECURITY-STATUS>
						<COMBINED-PAYMENT-HISTORY>Feb:2019,000/STD|Jan:2019,000/XXX|Dec:2018,000/STD|Nov:2018,000/STD|Oct:2018,DDD/DDD|Sep:2018,000/STD|Aug:2018,000/STD|Jul:2018,000/STD|Jun:2018,000/STD|</COMBINED-PAYMENT-HISTORY>
						<MATCHED-TYPE>PRIMARY</MATCHED-TYPE>
						<SECURITY-DETAILS></SECURITY-DETAILS>
						<LINKED-ACCOUNTS></LINKED-ACCOUNTS>
					</LOAN-DETAILS>
				</RESPONSE>
				<RESPONSE>
					<LOAN-DETAILS>
						<ACCT-NUMBER>XXXX</ACCT-NUMBER>
						<CREDIT-GUARANTOR>XXXX</CREDIT-GUARANTOR>
						<ACCT-TYPE>Personal Loan</ACCT-TYPE>
						<DATE-REPORTED>30-04-2019</DATE-REPORTED>
						<OWNERSHIP-IND>Individual</OWNERSHIP-IND>
						<ACCOUNT-STATUS>Closed</ACCOUNT-STATUS>
						<DISBURSED-AMT>8,000</DISBURSED-AMT>
						<DISBURSED-DATE>14-11-2018</DISBURSED-DATE>
						<CLOSED-DATE>31-12-2018</CLOSED-DATE>
						<INSTALLMENT-AMT>0</INSTALLMENT-AMT>
						<OVERDUE-AMT>0</OVERDUE-AMT>
						<WRITE-OFF-AMT>0</WRITE-OFF-AMT>
						<CURRENT-BAL>0</CURRENT-BAL>
						<SECURITY-STATUS>Un-secured</SECURITY-STATUS>
						<COMBINED-PAYMENT-HISTORY>Dec:2018,000/XXX|Nov:2018,000/XXX|</COMBINED-PAYMENT-HISTORY>
						<MATCHED-TYPE>PRIMARY</MATCHED-TYPE>
						<SECURITY-DETAILS>
							<SECURITY-DETAIL>
								<SECURITY-TYPE>No Collateral</SECURITY-TYPE>
								<OWNER-NAME></OWNER-NAME>
								<SECURITY-VALUE>0</SECURITY-VALUE>
								<DATE-OF-VALUE></DATE-OF-VALUE>
								<SECURITY-CHARGE></SECURITY-CHARGE>
								<PROPERTY-ADDRESS></PROPERTY-ADDRESS>
								<AUTOMOBILE-TYPE></AUTOMOBILE-TYPE>
								<YEAR-OF-MANUFACTURE></YEAR-OF-MANUFACTURE>
								<REGISTRATION-NUMBER></REGISTRATION-NUMBER>
								<ENGINE-NUMBER></ENGINE-NUMBER>
								<CHASSIS-NUMBER></CHASSIS-NUMBER>
							</SECURITY-DETAIL>
						</SECURITY-DETAILS>
						<LINKED-ACCOUNTS></LINKED-ACCOUNTS>
					</LOAN-DETAILS>
				</RESPONSE>
				<RESPONSE>
					<LOAN-DETAILS>
						<ACCT-NUMBER>XXXX</ACCT-NUMBER>
						<CREDIT-GUARANTOR>XXXX</CREDIT-GUARANTOR>
						<ACCT-TYPE>Credit Card</ACCT-TYPE>
						<DATE-REPORTED>07-04-2019</DATE-REPORTED>
						<OWNERSHIP-IND>Individual</OWNERSHIP-IND>
						<ACCOUNT-STATUS>Active</ACCOUNT-STATUS>
						<DISBURSED-AMT>21,631</DISBURSED-AMT>
						<DISBURSED-DATE>29-12-2018</DISBURSED-DATE>
						<LAST-PAYMENT-DATE>25-01-2019</LAST-PAYMENT-DATE>
						<OVERDUE-AMT>0</OVERDUE-AMT>
						<WRITE-OFF-AMT>0</WRITE-OFF-AMT>
						<CURRENT-BAL>13,059</CURRENT-BAL>
						<CREDIT-LIMIT>21,000</CREDIT-LIMIT>
						<SECURITY-STATUS>Un-secured</SECURITY-STATUS>
						<COMBINED-PAYMENT-HISTORY>Apr:2019,000/XXX|Mar:2019,000/XXX|Feb:2019,000/XXX|Jan:2019,XXX/XXX|</COMBINED-PAYMENT-HISTORY>
						<MATCHED-TYPE>PRIMARY</MATCHED-TYPE>
						<CASH-LIMIT>2,100</CASH-LIMIT>
						<ACTUAL-PAYMENT>6,950</ACTUAL-PAYMENT>
						<SECURITY-DETAILS></SECURITY-DETAILS>
						<LINKED-ACCOUNTS></LINKED-ACCOUNTS>
					</LOAN-DETAILS>
				</RESPONSE>
				<RESPONSE>
					<LOAN-DETAILS>
						<ACCT-NUMBER>XXXX</ACCT-NUMBER>
						<CREDIT-GUARANTOR>XXXX</CREDIT-GUARANTOR>
						<ACCT-TYPE>Gold Loan</ACCT-TYPE>
						<DATE-REPORTED>28-02-2014</DATE-REPORTED>
						<OWNERSHIP-IND>Individual</OWNERSHIP-IND>
						<ACCOUNT-STATUS>Closed</ACCOUNT-STATUS>
						<DISBURSED-AMT>38,700</DISBURSED-AMT>
						<DISBURSED-DATE>15-05-2013</DISBURSED-DATE>
						<CLOSED-DATE>14-02-2014</CLOSED-DATE>
						<OVERDUE-AMT>0</OVERDUE-AMT>
						<WRITE-OFF-AMT>0</WRITE-OFF-AMT>
						<CURRENT-BAL>0</CURRENT-BAL>
						<SECURITY-STATUS>Secured</SECURITY-STATUS>
						<COMBINED-PAYMENT-HISTORY>Feb:2014,000/STD|Jan:2014,077/STD|Dec:2013,046/STD|Nov:2013,DDD/DDD|Oct:2013,000/STD|Sep:2013,000/STD|Aug:2013,000/STD|Jul:2013,000/STD|Jun:2013,000/STD|May:2013,000/STD|</COMBINED-PAYMENT-HISTORY>
						<MATCHED-TYPE>PRIMARY</MATCHED-TYPE>
						<SECURITY-DETAILS></SECURITY-DETAILS>
						<LINKED-ACCOUNTS></LINKED-ACCOUNTS>
					</LOAN-DETAILS>
				</RESPONSE>
				<RESPONSE>
					<LOAN-DETAILS>
						<ACCT-NUMBER>XXXX</ACCT-NUMBER>
						<CREDIT-GUARANTOR>XXXX</CREDIT-GUARANTOR>
						<ACCT-TYPE>Personal Loan</ACCT-TYPE>
						<DATE-REPORTED>31-03-2019</DATE-REPORTED>
						<OWNERSHIP-IND>Individual</OWNERSHIP-IND>
						<ACCOUNT-STATUS>Active</ACCOUNT-STATUS>
						<DISBURSED-AMT>6,56,354</DISBURSED-AMT>
						<DISBURSED-DATE>17-04-2018</DISBURSED-DATE>
						<LAST-PAYMENT-DATE>11-03-2019</LAST-PAYMENT-DATE>
						<OVERDUE-AMT>0</OVERDUE-AMT>
						<WRITE-OFF-AMT>0</WRITE-OFF-AMT>
						<CURRENT-BAL>5,62,110</CURRENT-BAL>
						<SECURITY-STATUS>Un-secured</SECURITY-STATUS>
						<COMBINED-PAYMENT-HISTORY>Mar:2019,000/STD|Feb:2019,000/STD|Jan:2019,000/STD|Dec:2018,000/STD|Nov:2018,000/STD|Oct:2018,000/STD|Sep:2018,000/STD|Aug:2018,000/STD|Jul:2018,000/STD|Jun:2018,000/STD|May:2018,000/STD|Apr:2018,000/STD|</COMBINED-PAYMENT-HISTORY>
						<MATCHED-TYPE>PRIMARY</MATCHED-TYPE>
						<ACTUAL-PAYMENT>14,399</ACTUAL-PAYMENT>
						<SECURITY-DETAILS>
							<SECURITY-DETAIL>
								<SECURITY-TYPE></SECURITY-TYPE>
								<OWNER-NAME></OWNER-NAME>
								<SECURITY-VALUE>0</SECURITY-VALUE>
								<DATE-OF-VALUE></DATE-OF-VALUE>
								<SECURITY-CHARGE></SECURITY-CHARGE>
								<PROPERTY-ADDRESS></PROPERTY-ADDRESS>
								<AUTOMOBILE-TYPE></AUTOMOBILE-TYPE>
								<YEAR-OF-MANUFACTURE></YEAR-OF-MANUFACTURE>
								<REGISTRATION-NUMBER></REGISTRATION-NUMBER>
								<ENGINE-NUMBER></ENGINE-NUMBER>
								<CHASSIS-NUMBER></CHASSIS-NUMBER>
							</SECURITY-DETAIL>
						</SECURITY-DETAILS>
						<LINKED-ACCOUNTS></LINKED-ACCOUNTS>
					</LOAN-DETAILS>
				</RESPONSE>
				<RESPONSE>
					<LOAN-DETAILS>
						<ACCT-NUMBER>XXXX</ACCT-NUMBER>
						<CREDIT-GUARANTOR>XXXX</CREDIT-GUARANTOR>
						<ACCT-TYPE>Gold Loan</ACCT-TYPE>
						<DATE-REPORTED>28-02-2017</DATE-REPORTED>
						<OWNERSHIP-IND>Individual</OWNERSHIP-IND>
						<ACCOUNT-STATUS>Closed</ACCOUNT-STATUS>
						<DISBURSED-AMT>60,000</DISBURSED-AMT>
						<DISBURSED-DATE>12-09-2016</DISBURSED-DATE>
						<LAST-PAYMENT-DATE>18-02-2017</LAST-PAYMENT-DATE>
						<CLOSED-DATE>18-02-2017</CLOSED-DATE>
						<OVERDUE-AMT>0</OVERDUE-AMT>
						<WRITE-OFF-AMT>0</WRITE-OFF-AMT>
						<CURRENT-BAL>0</CURRENT-BAL>
						<SECURITY-STATUS>Secured</SECURITY-STATUS>
						<COMBINED-PAYMENT-HISTORY>Feb:2017,000/XXX|Jan:2017,052/XXX|Dec:2016,000/STD|Nov:2016,000/STD|Oct:2016,XXX/XXX|</COMBINED-PAYMENT-HISTORY>
						<MATCHED-TYPE>PRIMARY</MATCHED-TYPE>
						<SECURITY-DETAILS></SECURITY-DETAILS>
						<LINKED-ACCOUNTS></LINKED-ACCOUNTS>
					</LOAN-DETAILS>
				</RESPONSE>
				<RESPONSE>
					<LOAN-DETAILS>
						<ACCT-NUMBER>XXXX</ACCT-NUMBER>
						<CREDIT-GUARANTOR>XXXX</CREDIT-GUARANTOR>
						<ACCT-TYPE>Auto Loan (Personal)</ACCT-TYPE>
						<DATE-REPORTED>31-03-2019</DATE-REPORTED>
						<OWNERSHIP-IND>Individual</OWNERSHIP-IND>
						<ACCOUNT-STATUS>Active</ACCOUNT-STATUS>
						<DISBURSED-AMT>6,36,761</DISBURSED-AMT>
						<DISBURSED-DATE>19-04-2018</DISBURSED-DATE>
						<LAST-PAYMENT-DATE>11-03-2019</LAST-PAYMENT-DATE>
						<OVERDUE-AMT>0</OVERDUE-AMT>
						<WRITE-OFF-AMT>0</WRITE-OFF-AMT>
						<CURRENT-BAL>5,74,292</CURRENT-BAL>
						<SECURITY-STATUS>Secured</SECURITY-STATUS>
						<COMBINED-PAYMENT-HISTORY>Mar:2019,000/STD|Feb:2019,000/STD|Jan:2019,000/STD|Dec:2018,000/STD|Nov:2018,000/STD|Oct:2018,000/STD|Sep:2018,000/STD|Aug:2018,000/STD|Jul:2018,000/STD|Jun:2018,000/STD|May:2018,000/STD|Apr:2018,000/STD|</COMBINED-PAYMENT-HISTORY>
						<MATCHED-TYPE>PRIMARY</MATCHED-TYPE>
						<ACTUAL-PAYMENT>10,245</ACTUAL-PAYMENT>
						<SECURITY-DETAILS>
							<SECURITY-DETAIL>
								<SECURITY-TYPE></SECURITY-TYPE>
								<OWNER-NAME></OWNER-NAME>
								<SECURITY-VALUE>0</SECURITY-VALUE>
								<DATE-OF-VALUE></DATE-OF-VALUE>
								<SECURITY-CHARGE></SECURITY-CHARGE>
								<PROPERTY-ADDRESS></PROPERTY-ADDRESS>
								<AUTOMOBILE-TYPE></AUTOMOBILE-TYPE>
								<YEAR-OF-MANUFACTURE></YEAR-OF-MANUFACTURE>
								<REGISTRATION-NUMBER></REGISTRATION-NUMBER>
								<ENGINE-NUMBER></ENGINE-NUMBER>
								<CHASSIS-NUMBER></CHASSIS-NUMBER>
							</SECURITY-DETAIL>
						</SECURITY-DETAILS>
						<LINKED-ACCOUNTS></LINKED-ACCOUNTS>
					</LOAN-DETAILS>
				</RESPONSE>
				<RESPONSE>
					<LOAN-DETAILS>
						<ACCT-NUMBER>XXXX</ACCT-NUMBER>
						<CREDIT-GUARANTOR>XXXX</CREDIT-GUARANTOR>
						<ACCT-TYPE>Personal Loan</ACCT-TYPE>
						<DATE-REPORTED>31-12-2018</DATE-REPORTED>
						<OWNERSHIP-IND>Individual</OWNERSHIP-IND>
						<ACCOUNT-STATUS>Closed</ACCOUNT-STATUS>
						<DISBURSED-AMT>10,000</DISBURSED-AMT>
						<DISBURSED-DATE>03-08-2017</DISBURSED-DATE>
						<LAST-PAYMENT-DATE>03-10-2017</LAST-PAYMENT-DATE>
						<CLOSED-DATE>03-10-2017</CLOSED-DATE>
						<INSTALLMENT-AMT>10,000/Weekly</INSTALLMENT-AMT>
						<OVERDUE-AMT>0</OVERDUE-AMT>
						<WRITE-OFF-AMT>0</WRITE-OFF-AMT>
						<CURRENT-BAL>0</CURRENT-BAL>
						<SECURITY-STATUS>Un-secured</SECURITY-STATUS>
						<COMBINED-PAYMENT-HISTORY>Sep:2017,XXX/XXX|</COMBINED-PAYMENT-HISTORY>
						<MATCHED-TYPE>PRIMARY</MATCHED-TYPE>
						<ACTUAL-PAYMENT>0</ACTUAL-PAYMENT>
						<SECURITY-DETAILS></SECURITY-DETAILS>
						<LINKED-ACCOUNTS></LINKED-ACCOUNTS>
					</LOAN-DETAILS>
				</RESPONSE>
				<RESPONSE>
					<LOAN-DETAILS>
						<ACCT-NUMBER>XXXX</ACCT-NUMBER>
						<CREDIT-GUARANTOR>XXXX</CREDIT-GUARANTOR>
						<ACCT-TYPE>Personal Loan</ACCT-TYPE>
						<DATE-REPORTED>28-02-2019</DATE-REPORTED>
						<OWNERSHIP-IND>Individual</OWNERSHIP-IND>
						<ACCOUNT-STATUS>Closed</ACCOUNT-STATUS>
						<DISBURSED-AMT>16,607</DISBURSED-AMT>
						<DISBURSED-DATE>12-01-2019</DISBURSED-DATE>
						<LAST-PAYMENT-DATE>01-02-2019</LAST-PAYMENT-DATE>
						<CLOSED-DATE>01-02-2019</CLOSED-DATE>
						<OVERDUE-AMT>0</OVERDUE-AMT>
						<WRITE-OFF-AMT>0</WRITE-OFF-AMT>
						<CURRENT-BAL>0</CURRENT-BAL>
						<SECURITY-STATUS>Un-secured</SECURITY-STATUS>
						<COMBINED-PAYMENT-HISTORY>Feb:2019,000/STD|</COMBINED-PAYMENT-HISTORY>
						<MATCHED-TYPE>PRIMARY</MATCHED-TYPE>
						<SECURITY-DETAILS></SECURITY-DETAILS>
						<LINKED-ACCOUNTS></LINKED-ACCOUNTS>
					</LOAN-DETAILS>
				</RESPONSE>
				<RESPONSE>
					<LOAN-DETAILS>
						<ACCT-NUMBER>XXXX</ACCT-NUMBER>
						<CREDIT-GUARANTOR>XXXX</CREDIT-GUARANTOR>
						<ACCT-TYPE>Personal Loan</ACCT-TYPE>
						<DATE-REPORTED>30-04-2019</DATE-REPORTED>
						<OWNERSHIP-IND>Individual</OWNERSHIP-IND>
						<ACCOUNT-STATUS>Closed</ACCOUNT-STATUS>
						<DISBURSED-AMT>10,000</DISBURSED-AMT>
						<DISBURSED-DATE>12-03-2019</DISBURSED-DATE>
						<LAST-PAYMENT-DATE>30-04-2019</LAST-PAYMENT-DATE>
						<CLOSED-DATE>30-04-2019</CLOSED-DATE>
						<WRITE-OFF-AMT>0</WRITE-OFF-AMT>
						<CURRENT-BAL>0</CURRENT-BAL>
						<SECURITY-STATUS>Un-secured</SECURITY-STATUS>
						<COMBINED-PAYMENT-HISTORY>Apr:2019,000/XXX|Mar:2019,000/XXX|</COMBINED-PAYMENT-HISTORY>
						<MATCHED-TYPE>PRIMARY</MATCHED-TYPE>
						<SECURITY-DETAILS></SECURITY-DETAILS>
						<LINKED-ACCOUNTS></LINKED-ACCOUNTS>
					</LOAN-DETAILS>
				</RESPONSE>
				<RESPONSE>
					<LOAN-DETAILS>
						<ACCT-NUMBER>XXXX</ACCT-NUMBER>
						<CREDIT-GUARANTOR>XXXX</CREDIT-GUARANTOR>
						<ACCT-TYPE>Credit Card</ACCT-TYPE>
						<DATE-REPORTED>31-03-2019</DATE-REPORTED>
						<OWNERSHIP-IND>Individual</OWNERSHIP-IND>
						<ACCOUNT-STATUS>Active</ACCOUNT-STATUS>
						<DISBURSED-AMT>37,972</DISBURSED-AMT>
						<DISBURSED-DATE>22-01-2018</DISBURSED-DATE>
						<LAST-PAYMENT-DATE>11-03-2019</LAST-PAYMENT-DATE>
						<OVERDUE-AMT>0</OVERDUE-AMT>
						<WRITE-OFF-AMT>0</WRITE-OFF-AMT>
						<CURRENT-BAL>19,887</CURRENT-BAL>
						<CREDIT-LIMIT>35,000</CREDIT-LIMIT>
						<SECURITY-STATUS>Un-secured</SECURITY-STATUS>
						<COMBINED-PAYMENT-HISTORY>Mar:2019,000/XXX|Feb:2019,000/XXX|Jan:2019,000/XXX|Dec:2018,000/XXX|Nov:2018,000/XXX|Oct:2018,000/XXX|Sep:2018,000/XXX|Aug:2018,000/XXX|Jul:2018,000/XXX|Jun:2018,000/XXX|May:2018,000/XXX|Apr:2018,000/XXX|Mar:2018,000/XXX|Feb:2018,000/XXX|Jan:2018,000/XXX|</COMBINED-PAYMENT-HISTORY>
						<MATCHED-TYPE>PRIMARY</MATCHED-TYPE>
						<CASH-LIMIT>8,585</CASH-LIMIT>
						<ACTUAL-PAYMENT>1,267</ACTUAL-PAYMENT>
						<SECURITY-DETAILS></SECURITY-DETAILS>
						<LINKED-ACCOUNTS></LINKED-ACCOUNTS>
					</LOAN-DETAILS>
				</RESPONSE>
				<RESPONSE>
					<LOAN-DETAILS>
						<ACCT-NUMBER>XXXX</ACCT-NUMBER>
						<CREDIT-GUARANTOR>XXXX</CREDIT-GUARANTOR>
						<ACCT-TYPE>Personal Loan</ACCT-TYPE>
						<DATE-REPORTED>31-01-2018</DATE-REPORTED>
						<OWNERSHIP-IND>Individual</OWNERSHIP-IND>
						<ACCOUNT-STATUS>Closed</ACCOUNT-STATUS>
						<DISBURSED-AMT>1,35,000</DISBURSED-AMT>
						<DISBURSED-DATE>08-10-2015</DISBURSED-DATE>
						<LAST-PAYMENT-DATE>06-05-2016</LAST-PAYMENT-DATE>
						<CLOSED-DATE>06-05-2016</CLOSED-DATE>
						<OVERDUE-AMT>0</OVERDUE-AMT>
						<WRITE-OFF-AMT>0</WRITE-OFF-AMT>
						<CURRENT-BAL>0</CURRENT-BAL>
						<SECURITY-STATUS>Un-secured</SECURITY-STATUS>
						<COMBINED-PAYMENT-HISTORY>May:2016,000/STD|Apr:2016,000/STD|Mar:2016,000/STD|Feb:2016,000/STD|Jan:2016,000/STD|Dec:2015,000/STD|Nov:2015,000/STD|Oct:2015,000/STD|</COMBINED-PAYMENT-HISTORY>
						<MATCHED-TYPE>PRIMARY</MATCHED-TYPE>
						<SECURITY-DETAILS></SECURITY-DETAILS>
						<LINKED-ACCOUNTS></LINKED-ACCOUNTS>
					</LOAN-DETAILS>
				</RESPONSE>
				<RESPONSE>
					<LOAN-DETAILS>
						<ACCT-NUMBER>XXXX</ACCT-NUMBER>
						<CREDIT-GUARANTOR>XXXX</CREDIT-GUARANTOR>
						<ACCT-TYPE>Credit Card</ACCT-TYPE>
						<DATE-REPORTED>30-04-2019</DATE-REPORTED>
						<OWNERSHIP-IND>Individual</OWNERSHIP-IND>
						<ACCOUNT-STATUS>Active</ACCOUNT-STATUS>
						<DISBURSED-AMT>17,409</DISBURSED-AMT>
						<DISBURSED-DATE>01-01-2019</DISBURSED-DATE>
						<LAST-PAYMENT-DATE>25-04-2019</LAST-PAYMENT-DATE>
						<WRITE-OFF-AMT>0</WRITE-OFF-AMT>
						<CURRENT-BAL>21,385</CURRENT-BAL>
						<SECURITY-STATUS>Un-secured</SECURITY-STATUS>
						<COMBINED-PAYMENT-HISTORY>Apr:2019,000/XXX|Mar:2019,000/XXX|Feb:2019,000/XXX|Jan:2019,000/XXX|</COMBINED-PAYMENT-HISTORY>
						<MATCHED-TYPE>PRIMARY</MATCHED-TYPE>
						<SECURITY-DETAILS></SECURITY-DETAILS>
						<LINKED-ACCOUNTS></LINKED-ACCOUNTS>
					</LOAN-DETAILS>
				</RESPONSE>
				<RESPONSE>
					<LOAN-DETAILS>
						<ACCT-NUMBER>XXXX</ACCT-NUMBER>
						<CREDIT-GUARANTOR>XXXX</CREDIT-GUARANTOR>
						<ACCT-TYPE>Personal Loan</ACCT-TYPE>
						<DATE-REPORTED>08-03-2019</DATE-REPORTED>
						<OWNERSHIP-IND>Individual</OWNERSHIP-IND>
						<ACCOUNT-STATUS>Active</ACCOUNT-STATUS>
						<DISBURSED-AMT>25,000</DISBURSED-AMT>
						<DISBURSED-DATE>03-12-2018</DISBURSED-DATE>
						<LAST-PAYMENT-DATE>07-02-2019</LAST-PAYMENT-DATE>
						<INSTALLMENT-AMT>5,500</INSTALLMENT-AMT>
						<OVERDUE-AMT>0</OVERDUE-AMT>
						<WRITE-OFF-AMT>0</WRITE-OFF-AMT>
						<CURRENT-BAL>15,000</CURRENT-BAL>
						<SECURITY-STATUS>Un-secured</SECURITY-STATUS>
						<COMBINED-PAYMENT-HISTORY>Mar:2019,000/STD|Feb:2019,DDD/DDD|Jan:2019,000/STD|</COMBINED-PAYMENT-HISTORY>
						<MATCHED-TYPE>PRIMARY</MATCHED-TYPE>
						<SECURITY-DETAILS></SECURITY-DETAILS>
						<LINKED-ACCOUNTS></LINKED-ACCOUNTS>
					</LOAN-DETAILS>
				</RESPONSE>
				<RESPONSE>
					<LOAN-DETAILS>
						<ACCT-NUMBER>XXXX</ACCT-NUMBER>
						<CREDIT-GUARANTOR>XXXX</CREDIT-GUARANTOR>
						<ACCT-TYPE>Consumer Loan</ACCT-TYPE>
						<DATE-REPORTED>30-04-2016</DATE-REPORTED>
						<OWNERSHIP-IND>Individual</OWNERSHIP-IND>
						<ACCOUNT-STATUS>Closed</ACCOUNT-STATUS>
						<DISBURSED-AMT>27,000</DISBURSED-AMT>
						<DISBURSED-DATE>08-05-2013</DISBURSED-DATE>
						<LAST-PAYMENT-DATE>18-07-2014</LAST-PAYMENT-DATE>
						<CLOSED-DATE>20-09-2014</CLOSED-DATE>
						<WRITE-OFF-AMT>0</WRITE-OFF-AMT>
						<CURRENT-BAL>0</CURRENT-BAL>
						<SECURITY-STATUS>Un-secured</SECURITY-STATUS>
						<COMBINED-PAYMENT-HISTORY>Aug:2014,XXX/XXX|Jul:2014,XXX/XXX|Jun:2014,XXX/XXX|May:2014,XXX/XXX|Apr:2014,XXX/XXX|Mar:2014,XXX/XXX|Feb:2014,XXX/XXX|Jan:2014,XXX/XXX|Dec:2013,XXX/XXX|Nov:2013,XXX/XXX|Oct:2013,XXX/XXX|Sep:2013,XXX/XXX|Aug:2013,XXX/XXX|Jul:2013,XXX/XXX|Jun:2013,XXX/XXX|</COMBINED-PAYMENT-HISTORY>
						<MATCHED-TYPE>PRIMARY</MATCHED-TYPE>
						<SECURITY-DETAILS></SECURITY-DETAILS>
						<LINKED-ACCOUNTS></LINKED-ACCOUNTS>
					</LOAN-DETAILS>
				</RESPONSE>
				<RESPONSE>
					<LOAN-DETAILS>
						<ACCT-NUMBER>XXXX</ACCT-NUMBER>
						<CREDIT-GUARANTOR>XXXX</CREDIT-GUARANTOR>
						<ACCT-TYPE>Personal Loan</ACCT-TYPE>
						<DATE-REPORTED>31-01-2019</DATE-REPORTED>
						<OWNERSHIP-IND>Individual</OWNERSHIP-IND>
						<ACCOUNT-STATUS>Closed</ACCOUNT-STATUS>
						<DISBURSED-AMT>10,000</DISBURSED-AMT>
						<DISBURSED-DATE>29-09-2018</DISBURSED-DATE>
						<LAST-PAYMENT-DATE>05-12-2018</LAST-PAYMENT-DATE>
						<CLOSED-DATE>05-12-2018</CLOSED-DATE>
						<INSTALLMENT-AMT>3,604/Monthly</INSTALLMENT-AMT>
						<OVERDUE-AMT>0</OVERDUE-AMT>
						<WRITE-OFF-AMT>0</WRITE-OFF-AMT>
						<CURRENT-BAL>0</CURRENT-BAL>
						<SECURITY-STATUS>Un-secured</SECURITY-STATUS>
						<COMBINED-PAYMENT-HISTORY>Dec:2018,000/XXX|Nov:2018,XXX/XXX|Oct:2018,XXX/XXX|</COMBINED-PAYMENT-HISTORY>
						<MATCHED-TYPE>PRIMARY</MATCHED-TYPE>
						<SECURITY-DETAILS></SECURITY-DETAILS>
						<LINKED-ACCOUNTS></LINKED-ACCOUNTS>
					</LOAN-DETAILS>
				</RESPONSE>
				<RESPONSE>
					<LOAN-DETAILS>
						<ACCT-NUMBER>XXXX</ACCT-NUMBER>
						<CREDIT-GUARANTOR>XXXX</CREDIT-GUARANTOR>
						<ACCT-TYPE>Personal Loan</ACCT-TYPE>
						<DATE-REPORTED>30-04-2019</DATE-REPORTED>
						<OWNERSHIP-IND>Individual</OWNERSHIP-IND>
						<ACCOUNT-STATUS>Closed</ACCOUNT-STATUS>
						<DISBURSED-AMT>8,000</DISBURSED-AMT>
						<DISBURSED-DATE>03-10-2018</DISBURSED-DATE>
						<CLOSED-DATE>31-12-2018</CLOSED-DATE>
						<INSTALLMENT-AMT>0</INSTALLMENT-AMT>
						<OVERDUE-AMT>0</OVERDUE-AMT>
						<WRITE-OFF-AMT>0</WRITE-OFF-AMT>
						<CURRENT-BAL>0</CURRENT-BAL>
						<SECURITY-STATUS>Un-secured</SECURITY-STATUS>
						<COMBINED-PAYMENT-HISTORY>Dec:2018,000/XXX|Nov:2018,000/XXX|Oct:2018,000/XXX|</COMBINED-PAYMENT-HISTORY>
						<MATCHED-TYPE>PRIMARY</MATCHED-TYPE>
						<SECURITY-DETAILS>
							<SECURITY-DETAIL>
								<SECURITY-TYPE>No Collateral</SECURITY-TYPE>
								<OWNER-NAME></OWNER-NAME>
								<SECURITY-VALUE>0</SECURITY-VALUE>
								<DATE-OF-VALUE></DATE-OF-VALUE>
								<SECURITY-CHARGE></SECURITY-CHARGE>
								<PROPERTY-ADDRESS></PROPERTY-ADDRESS>
								<AUTOMOBILE-TYPE></AUTOMOBILE-TYPE>
								<YEAR-OF-MANUFACTURE></YEAR-OF-MANUFACTURE>
								<REGISTRATION-NUMBER></REGISTRATION-NUMBER>
								<ENGINE-NUMBER></ENGINE-NUMBER>
								<CHASSIS-NUMBER></CHASSIS-NUMBER>
							</SECURITY-DETAIL>
						</SECURITY-DETAILS>
						<LINKED-ACCOUNTS></LINKED-ACCOUNTS>
					</LOAN-DETAILS>
				</RESPONSE>
				<RESPONSE>
					<LOAN-DETAILS>
						<ACCT-NUMBER>XXXX</ACCT-NUMBER>
						<CREDIT-GUARANTOR>XXXX</CREDIT-GUARANTOR>
						<ACCT-TYPE>Personal Loan</ACCT-TYPE>
						<DATE-REPORTED>30-09-2018</DATE-REPORTED>
						<OWNERSHIP-IND>Individual</OWNERSHIP-IND>
						<ACCOUNT-STATUS>Closed</ACCOUNT-STATUS>
						<DISBURSED-AMT>5,000</DISBURSED-AMT>
						<DISBURSED-DATE>09-09-2018</DISBURSED-DATE>
						<LAST-PAYMENT-DATE>24-09-2018</LAST-PAYMENT-DATE>
						<CLOSED-DATE>24-09-2018</CLOSED-DATE>
						<OVERDUE-AMT>0</OVERDUE-AMT>
						<WRITE-OFF-AMT>0</WRITE-OFF-AMT>
						<CURRENT-BAL>0</CURRENT-BAL>
						<SECURITY-STATUS>Un-secured</SECURITY-STATUS>
						<COMBINED-PAYMENT-HISTORY>Sep:2018,000/STD|</COMBINED-PAYMENT-HISTORY>
						<MATCHED-TYPE>PRIMARY</MATCHED-TYPE>
						<SECURITY-DETAILS></SECURITY-DETAILS>
						<LINKED-ACCOUNTS></LINKED-ACCOUNTS>
					</LOAN-DETAILS>
				</RESPONSE>
				<RESPONSE>
					<LOAN-DETAILS>
						<ACCT-NUMBER>XXXX</ACCT-NUMBER>
						<CREDIT-GUARANTOR>XXXX</CREDIT-GUARANTOR>
						<ACCT-TYPE>Credit Card</ACCT-TYPE>
						<DATE-REPORTED>31-07-2015</DATE-REPORTED>
						<OWNERSHIP-IND>Individual</OWNERSHIP-IND>
						<ACCOUNT-STATUS>Closed</ACCOUNT-STATUS>
						<DISBURSED-AMT>39,516</DISBURSED-AMT>
						<DISBURSED-DATE>26-07-2007</DISBURSED-DATE>
						<LAST-PAYMENT-DATE>27-10-2008</LAST-PAYMENT-DATE>
						<CLOSED-DATE>21-05-2010</CLOSED-DATE>
						<OVERDUE-AMT>0</OVERDUE-AMT>
						<WRITE-OFF-AMT>35,614</WRITE-OFF-AMT>
						<CURRENT-BAL>0</CURRENT-BAL>
						<CREDIT-LIMIT>0</CREDIT-LIMIT>
						<SECURITY-STATUS>Un-secured</SECURITY-STATUS>
						<PRINCIPAL-WRITE-OFF-AMT>23,239</PRINCIPAL-WRITE-OFF-AMT>
						<COMBINED-PAYMENT-HISTORY>Apr:2010,XXX/XXX|Mar:2010,XXX/XXX|Feb:2010,XXX/XXX|Jan:2010,XXX/XXX|Dec:2009,XXX/XXX|Nov:2009,XXX/XXX|Oct:2009,XXX/XXX|Sep:2009,XXX/XXX|Aug:2009,XXX/XXX|Jul:2009,XXX/XXX|Jun:2009,XXX/XXX|May:2009,XXX/XXX|Apr:2009,XXX/XXX|Mar:2009,XXX/XXX|Feb:2009,XXX/XXX|Jan:2009,XXX/XXX|Dec:2008,XXX/XXX|Nov:2008,XXX/XXX|Oct:2008,XXX/XXX|Sep:2008,XXX/XXX|Aug:2008,XXX/XXX|Jul:2008,XXX/XXX|Jun:2008,XXX/XXX|May:2008,XXX/XXX|Apr:2008,XXX/XXX|Mar:2008,XXX/XXX|Feb:2008,XXX/XXX|Jan:2008,XXX/XXX|Dec:2007,XXX/XXX|Nov:2007,XXX/XXX|Oct:2007,XXX/XXX|Sep:2007,XXX/XXX|Aug:2007,XXX/XXX|</COMBINED-PAYMENT-HISTORY>
						<MATCHED-TYPE>PRIMARY</MATCHED-TYPE>
						<WRITTEN-OFF_SETTLED-STATUS>Settled</WRITTEN-OFF_SETTLED-STATUS>
						<CASH-LIMIT>0</CASH-LIMIT>
						<ACTUAL-PAYMENT>10,000</ACTUAL-PAYMENT>
						<SETTLEMENT-AMT>0</SETTLEMENT-AMT>
						<SECURITY-DETAILS></SECURITY-DETAILS>
						<LINKED-ACCOUNTS></LINKED-ACCOUNTS>
					</LOAN-DETAILS>
				</RESPONSE>
				<RESPONSE>
					<LOAN-DETAILS>
						<ACCT-NUMBER>XXXX</ACCT-NUMBER>
						<CREDIT-GUARANTOR>XXXX</CREDIT-GUARANTOR>
						<ACCT-TYPE>Gold Loan</ACCT-TYPE>
						<DATE-REPORTED>30-11-2014</DATE-REPORTED>
						<OWNERSHIP-IND>Individual</OWNERSHIP-IND>
						<ACCOUNT-STATUS>Closed</ACCOUNT-STATUS>
						<DISBURSED-AMT>38,700</DISBURSED-AMT>
						<DISBURSED-DATE>14-02-2014</DISBURSED-DATE>
						<CLOSED-DATE>12-11-2014</CLOSED-DATE>
						<OVERDUE-AMT>0</OVERDUE-AMT>
						<WRITE-OFF-AMT>0</WRITE-OFF-AMT>
						<CURRENT-BAL>0</CURRENT-BAL>
						<SECURITY-STATUS>Secured</SECURITY-STATUS>
						<COMBINED-PAYMENT-HISTORY>Nov:2014,000/STD|Oct:2014,078/STD|Sep:2014,047/STD|Aug:2014,016/STD|Jul:2014,000/STD|Jun:2014,000/STD|May:2014,000/STD|Apr:2014,000/STD|Mar:2014,000/STD|Feb:2014,000/STD|</COMBINED-PAYMENT-HISTORY>
						<MATCHED-TYPE>PRIMARY</MATCHED-TYPE>
						<SECURITY-DETAILS></SECURITY-DETAILS>
						<LINKED-ACCOUNTS></LINKED-ACCOUNTS>
					</LOAN-DETAILS>
				</RESPONSE>
				<RESPONSE>
					<LOAN-DETAILS>
						<ACCT-NUMBER>XXXX</ACCT-NUMBER>
						<CREDIT-GUARANTOR>XXXX</CREDIT-GUARANTOR>
						<ACCT-TYPE>Gold Loan</ACCT-TYPE>
						<DATE-REPORTED>31-07-2015</DATE-REPORTED>
						<OWNERSHIP-IND>Individual</OWNERSHIP-IND>
						<ACCOUNT-STATUS>Closed</ACCOUNT-STATUS>
						<DISBURSED-AMT>38,700</DISBURSED-AMT>
						<DISBURSED-DATE>12-11-2014</DISBURSED-DATE>
						<LAST-PAYMENT-DATE>28-07-2015</LAST-PAYMENT-DATE>
						<CLOSED-DATE>28-07-2015</CLOSED-DATE>
						<OVERDUE-AMT>0</OVERDUE-AMT>
						<WRITE-OFF-AMT>0</WRITE-OFF-AMT>
						<CURRENT-BAL>0</CURRENT-BAL>
						<SECURITY-STATUS>Secured</SECURITY-STATUS>
						<COMBINED-PAYMENT-HISTORY>Jul:2015,000/STD|Jun:2015,049/STD|May:2015,019/STD|Apr:2015,000/STD|Mar:2015,000/STD|Feb:2015,000/STD|Jan:2015,000/STD|Dec:2014,000/STD|Nov:2014,000/STD|</COMBINED-PAYMENT-HISTORY>
						<MATCHED-TYPE>PRIMARY</MATCHED-TYPE>
						<ACTUAL-PAYMENT>40,006</ACTUAL-PAYMENT>
						<SECURITY-DETAILS>
							<SECURITY-DETAIL>
								<SECURITY-TYPE></SECURITY-TYPE>
								<OWNER-NAME></OWNER-NAME>
								<SECURITY-VALUE>0</SECURITY-VALUE>
								<DATE-OF-VALUE></DATE-OF-VALUE>
								<SECURITY-CHARGE></SECURITY-CHARGE>
								<PROPERTY-ADDRESS></PROPERTY-ADDRESS>
								<AUTOMOBILE-TYPE></AUTOMOBILE-TYPE>
								<YEAR-OF-MANUFACTURE></YEAR-OF-MANUFACTURE>
								<REGISTRATION-NUMBER></REGISTRATION-NUMBER>
								<ENGINE-NUMBER></ENGINE-NUMBER>
								<CHASSIS-NUMBER></CHASSIS-NUMBER>
							</SECURITY-DETAIL>
						</SECURITY-DETAILS>
						<LINKED-ACCOUNTS></LINKED-ACCOUNTS>
					</LOAN-DETAILS>
				</RESPONSE>
				<RESPONSE>
					<LOAN-DETAILS>
						<ACCT-NUMBER>XXXX</ACCT-NUMBER>
						<CREDIT-GUARANTOR>XXXX</CREDIT-GUARANTOR>
						<ACCT-TYPE>Personal Loan</ACCT-TYPE>
						<DATE-REPORTED>31-01-2019</DATE-REPORTED>
						<OWNERSHIP-IND>Individual</OWNERSHIP-IND>
						<ACCOUNT-STATUS>Closed</ACCOUNT-STATUS>
						<DISBURSED-AMT>10,000</DISBURSED-AMT>
						<DISBURSED-DATE>27-11-2018</DISBURSED-DATE>
						<LAST-PAYMENT-DATE>24-01-2019</LAST-PAYMENT-DATE>
						<CLOSED-DATE>24-01-2019</CLOSED-DATE>
						<WRITE-OFF-AMT>0</WRITE-OFF-AMT>
						<CURRENT-BAL>0</CURRENT-BAL>
						<SECURITY-STATUS>Un-secured</SECURITY-STATUS>
						<COMBINED-PAYMENT-HISTORY>Jan:2019,000/XXX|Dec:2018,000/XXX|Nov:2018,000/XXX|</COMBINED-PAYMENT-HISTORY>
						<MATCHED-TYPE>PRIMARY</MATCHED-TYPE>
						<SECURITY-DETAILS></SECURITY-DETAILS>
						<LINKED-ACCOUNTS></LINKED-ACCOUNTS>
					</LOAN-DETAILS>
				</RESPONSE>
				<RESPONSE>
					<LOAN-DETAILS>
						<ACCT-NUMBER>XXXX</ACCT-NUMBER>
						<CREDIT-GUARANTOR>XXXX</CREDIT-GUARANTOR>
						<ACCT-TYPE>Credit Card</ACCT-TYPE>
						<DATE-REPORTED>29-02-2016</DATE-REPORTED>
						<OWNERSHIP-IND>Individual</OWNERSHIP-IND>
						<ACCOUNT-STATUS>Closed</ACCOUNT-STATUS>
						<DISBURSED-AMT>41,363</DISBURSED-AMT>
						<DISBURSED-DATE>26-08-2010</DISBURSED-DATE>
						<LAST-PAYMENT-DATE>08-02-2014</LAST-PAYMENT-DATE>
						<WRITE-OFF-AMT>0</WRITE-OFF-AMT>
						<CURRENT-BAL>0</CURRENT-BAL>
						<SECURITY-STATUS>Un-secured</SECURITY-STATUS>
						<PRINCIPAL-WRITE-OFF-AMT>0</PRINCIPAL-WRITE-OFF-AMT>
						<COMBINED-PAYMENT-HISTORY>Feb:2016,000/XXX|Jan:2016,000/XXX|Dec:2015,000/XXX|Nov:2015,000/XXX|Oct:2015,000/XXX|Sep:2015,000/XXX|Aug:2015,000/XXX|Jul:2015,000/XXX|Jun:2015,000/XXX|May:2015,000/XXX|Apr:2015,000/XXX|Mar:2015,000/XXX|Feb:2015,000/XXX|Jan:2015,000/XXX|Dec:2014,000/XXX|Nov:2014,000/XXX|Oct:2014,000/XXX|Sep:2014,000/XXX|Aug:2014,000/XXX|Jul:2014,000/XXX|Jun:2014,000/XXX|May:2014,000/XXX|Apr:2014,000/XXX|Mar:2014,DDD/DDD|Feb:2014,000/XXX|Jan:2014,000/XXX|Dec:2013,026/XXX|Nov:2013,025/XXX|Oct:2013,DDD/DDD|Sep:2013,000/XXX|Aug:2013,000/XXX|Jul:2013,000/XXX|Jun:2013,025/XXX|May:2013,026/XXX|Apr:2013,055/XXX|Mar:2013,XXX/XXX|</COMBINED-PAYMENT-HISTORY>
						<MATCHED-TYPE>PRIMARY</MATCHED-TYPE>
						<WRITTEN-OFF_SETTLED-STATUS>Settled</WRITTEN-OFF_SETTLED-STATUS>
						<SETTLEMENT-AMT>0</SETTLEMENT-AMT>
						<SECURITY-DETAILS></SECURITY-DETAILS>
						<LINKED-ACCOUNTS></LINKED-ACCOUNTS>
					</LOAN-DETAILS>
				</RESPONSE>
				<RESPONSE>
					<LOAN-DETAILS>
						<ACCT-NUMBER>XXXX</ACCT-NUMBER>
						<CREDIT-GUARANTOR>XXXX</CREDIT-GUARANTOR>
						<ACCT-TYPE>Gold Loan</ACCT-TYPE>
						<DATE-REPORTED>31-07-2017</DATE-REPORTED>
						<OWNERSHIP-IND>Individual</OWNERSHIP-IND>
						<ACCOUNT-STATUS>Closed</ACCOUNT-STATUS>
						<DISBURSED-AMT>56,044</DISBURSED-AMT>
						<DISBURSED-DATE>18-02-2017</DISBURSED-DATE>
						<LAST-PAYMENT-DATE>19-07-2017</LAST-PAYMENT-DATE>
						<CLOSED-DATE>19-07-2017</CLOSED-DATE>
						<OVERDUE-AMT>0</OVERDUE-AMT>
						<WRITE-OFF-AMT>0</WRITE-OFF-AMT>
						<CURRENT-BAL>0</CURRENT-BAL>
						<SECURITY-STATUS>Secured</SECURITY-STATUS>
						<COMBINED-PAYMENT-HISTORY>Jul:2017,000/XXX|Jun:2017,000/STD|May:2017,000/STD|Apr:2017,000/STD|Mar:2017,000/STD|Feb:2017,000/STD|</COMBINED-PAYMENT-HISTORY>
						<MATCHED-TYPE>PRIMARY</MATCHED-TYPE>
						<SECURITY-DETAILS></SECURITY-DETAILS>
						<LINKED-ACCOUNTS></LINKED-ACCOUNTS>
					</LOAN-DETAILS>
				</RESPONSE>
			</RESPONSES>
			<INDV-RESPONSES>
				<PRIMARY-SUMMARY>
					<NO-OF-DEFAULT-ACCOUNTS>0</NO-OF-DEFAULT-ACCOUNTS>
					<TOTAL-RESPONSES>0</TOTAL-RESPONSES>
					<NO-OF-CLOSED-ACCOUNTS>0</NO-OF-CLOSED-ACCOUNTS>
					<NO-OF-ACTIVE-ACCOUNTS>0</NO-OF-ACTIVE-ACCOUNTS>
					<NO-OF-OTHER-MFIS>0</NO-OF-OTHER-MFIS>
					<NO-OF-OWN-MFIS>0</NO-OF-OWN-MFIS>
				</PRIMARY-SUMMARY>
				<SECONDARY-SUMMARY>
					<NO-OF-DEFAULT-ACCOUNTS>0</NO-OF-DEFAULT-ACCOUNTS>
					<TOTAL-RESPONSES>0</TOTAL-RESPONSES>
					<NO-OF-CLOSED-ACCOUNTS>0</NO-OF-CLOSED-ACCOUNTS>
					<NO-OF-ACTIVE-ACCOUNTS>0</NO-OF-ACTIVE-ACCOUNTS>
					<NO-OF-OTHER-MFIS>0</NO-OF-OTHER-MFIS>
					<NO-OF-OWN-MFIS>0</NO-OF-OWN-MFIS>
				</SECONDARY-SUMMARY>
				<SUMMARY>
					<STATUS>SUCCESS</STATUS>
					<TOTAL-RESPONSES>0</TOTAL-RESPONSES>
					<NO-OF-OTHER-MFIS>0</NO-OF-OTHER-MFIS>
					<NO-OF-DEFAULT-ACCOUNTS>0</NO-OF-DEFAULT-ACCOUNTS>
					<OWN-MFI-INDECATOR>false</OWN-MFI-INDECATOR>
					<NO-OF-CLOSED-ACCOUNTS>0</NO-OF-CLOSED-ACCOUNTS>
					<NO-OF-ACTIVE-ACCOUNTS>0</NO-OF-ACTIVE-ACCOUNTS>
					<NO-OF-OWN-MFIS>0</NO-OF-OWN-MFIS>
				</SUMMARY>
				<INDV-RESPONSE-LIST></INDV-RESPONSE-LIST>
			</INDV-RESPONSES>
			<GRP-RESPONSES>
				<PRIMARY-SUMMARY>
					<NO-OF-DEFAULT-ACCOUNTS>0</NO-OF-DEFAULT-ACCOUNTS>
					<TOTAL-RESPONSES>0</TOTAL-RESPONSES>
					<NO-OF-CLOSED-ACCOUNTS>0</NO-OF-CLOSED-ACCOUNTS>
					<NO-OF-ACTIVE-ACCOUNTS>0</NO-OF-ACTIVE-ACCOUNTS>
					<NO-OF-OTHER-MFIS>0</NO-OF-OTHER-MFIS>
					<NO-OF-OWN-MFIS>0</NO-OF-OWN-MFIS>
				</PRIMARY-SUMMARY>
				<SECONDARY-SUMMARY>
					<NO-OF-DEFAULT-ACCOUNTS>0</NO-OF-DEFAULT-ACCOUNTS>
					<TOTAL-RESPONSES>0</TOTAL-RESPONSES>
					<NO-OF-CLOSED-ACCOUNTS>0</NO-OF-CLOSED-ACCOUNTS>
					<NO-OF-ACTIVE-ACCOUNTS>0</NO-OF-ACTIVE-ACCOUNTS>
					<NO-OF-OTHER-MFIS>0</NO-OF-OTHER-MFIS>
					<NO-OF-OWN-MFIS>0</NO-OF-OWN-MFIS>
				</SECONDARY-SUMMARY>
				<SUMMARY>
					<STATUS>SUCCESS</STATUS>
					<TOTAL-RESPONSES>0</TOTAL-RESPONSES>
					<NO-OF-OTHER-MFIS>0</NO-OF-OTHER-MFIS>
					<NO-OF-DEFAULT-ACCOUNTS>0</NO-OF-DEFAULT-ACCOUNTS>
					<OWN-MFI-INDECATOR>false</OWN-MFI-INDECATOR>
					<NO-OF-CLOSED-ACCOUNTS>0</NO-OF-CLOSED-ACCOUNTS>
					<NO-OF-ACTIVE-ACCOUNTS>0</NO-OF-ACTIVE-ACCOUNTS>
					<NO-OF-OWN-MFIS>0</NO-OF-OWN-MFIS>
				</SUMMARY>
				<GRP-RESPONSE-LIST></GRP-RESPONSE-LIST>
			</GRP-RESPONSES>
		</INDV-REPORT>
	</INDV-REPORTS>
</INDV-REPORT-FILE>