<?xml version="1.0" encoding="utf-8"?>
<INDV-REPORT-FILE>
	<INDV-REPORTS>
		<INDV-REPORT>
			<HEADER>
				<DATE-OF-REQUEST>11-06-2019 06:20:35</DATE-OF-REQUEST>
				<PREPARED-FOR>FICCL GOUPWARDS</PREPARED-FOR>
				<PREPARED-FOR-ID>NBF0002574</PREPARED-FOR-ID>
				<DATE-OF-ISSUE>11-06-2019</DATE-OF-ISSUE>
				<BATCH-ID>373227101190611</BATCH-ID>
				<REPORT-ID>FICC190611CR507276040</REPORT-ID>
			</HEADER>
			<STATUS-DETAILS>
				<STATUS>
					<OPTION>CNS-SCORE</OPTION>
					<OPTION-STATUS>SUCCESS</OPTION-STATUS>
					<ERRORS></ERRORS>
				</STATUS>
				<STATUS>
					<OPTION>MFI-INDV</OPTION>
					<OPTION-STATUS>NO RESPONSE FOUND</OPTION-STATUS>
					<ERRORS>
						<ERROR></ERROR>
					</ERRORS>
				</STATUS>
				<STATUS>
					<OPTION>MFI-GRP</OPTION>
					<OPTION-STATUS>NO RESPONSE FOUND</OPTION-STATUS>
					<ERRORS>
						<ERROR></ERROR>
					</ERRORS>
				</STATUS>
				<STATUS>
					<OPTION>CNS_INDV</OPTION>
					<OPTION-STATUS>SUCCESS</OPTION-STATUS>
					<ERRORS></ERRORS>
				</STATUS>
				<STATUS>
					<OPTION>INQUIRY-HISTORY</OPTION>
					<OPTION-STATUS>SUCCESS</OPTION-STATUS>
					<ERRORS></ERRORS>
				</STATUS>
			</STATUS-DETAILS>
			<SECONDARY-MATCHES></SECONDARY-MATCHES>
			<ACCOUNTS-SUMMARY>
				<DERIVED-ATTRIBUTES>
					<INQUIRIES-IN-LAST-SIX-MONTHS>1</INQUIRIES-IN-LAST-SIX-MONTHS>
					<LENGTH-OF-CREDIT-HISTORY-YEAR>6</LENGTH-OF-CREDIT-HISTORY-YEAR>
					<LENGTH-OF-CREDIT-HISTORY-MONTH>6</LENGTH-OF-CREDIT-HISTORY-MONTH>
					<AVERAGE-ACCOUNT-AGE-YEAR>0</AVERAGE-ACCOUNT-AGE-YEAR>
					<AVERAGE-ACCOUNT-AGE-MONTH>8</AVERAGE-ACCOUNT-AGE-MONTH>
					<NEW-ACCOUNTS-IN-LAST-SIX-MONTHS>1</NEW-ACCOUNTS-IN-LAST-SIX-MONTHS>
					<NEW-DELINQ-ACCOUNT-IN-LAST-SIX-MONTHS>0</NEW-DELINQ-ACCOUNT-IN-LAST-SIX-MONTHS>
				</DERIVED-ATTRIBUTES>
				<PRIMARY-ACCOUNTS-SUMMARY>
					<PRIMARY-NUMBER-OF-ACCOUNTS>27</PRIMARY-NUMBER-OF-ACCOUNTS>
					<PRIMARY-ACTIVE-NUMBER-OF-ACCOUNTS>6</PRIMARY-ACTIVE-NUMBER-OF-ACCOUNTS>
					<PRIMARY-OVERDUE-NUMBER-OF-ACCOUNTS>0</PRIMARY-OVERDUE-NUMBER-OF-ACCOUNTS>
					<PRIMARY-SECURED-NUMBER-OF-ACCOUNTS>0</PRIMARY-SECURED-NUMBER-OF-ACCOUNTS>
					<PRIMARY-UNSECURED-NUMBER-OF-ACCOUNTS>0</PRIMARY-UNSECURED-NUMBER-OF-ACCOUNTS>
					<PRIMARY-UNTAGGED-NUMBER-OF-ACCOUNTS>0</PRIMARY-UNTAGGED-NUMBER-OF-ACCOUNTS>
					<PRIMARY-CURRENT-BALANCE>186239</PRIMARY-CURRENT-BALANCE>
					<PRIMARY-SANCTIONED-AMOUNT>326980</PRIMARY-SANCTIONED-AMOUNT>
					<PRIMARY-DISBURSED-AMOUNT>326980</PRIMARY-DISBURSED-AMOUNT>
				</PRIMARY-ACCOUNTS-SUMMARY>
				<SECONDARY-ACCOUNTS-SUMMARY>
					<SECONDARY-NUMBER-OF-ACCOUNTS>0</SECONDARY-NUMBER-OF-ACCOUNTS>
					<SECONDARY-ACTIVE-NUMBER-OF-ACCOUNTS>0</SECONDARY-ACTIVE-NUMBER-OF-ACCOUNTS>
					<SECONDARY-OVERDUE-NUMBER-OF-ACCOUNTS>0</SECONDARY-OVERDUE-NUMBER-OF-ACCOUNTS>
					<SECONDARY-SECURED-NUMBER-OF-ACCOUNTS>0</SECONDARY-SECURED-NUMBER-OF-ACCOUNTS>
					<SECONDARY-UNSECURED-NUMBER-OF-ACCOUNTS>0</SECONDARY-UNSECURED-NUMBER-OF-ACCOUNTS>
					<SECONDARY-UNTAGGED-NUMBER-OF-ACCOUNTS>0</SECONDARY-UNTAGGED-NUMBER-OF-ACCOUNTS>
					<SECONDARY-CURRENT-BALANCE>0</SECONDARY-CURRENT-BALANCE>
					<SECONDARY-SANCTIONED-AMOUNT>0</SECONDARY-SANCTIONED-AMOUNT>
					<SECONDARY-DISBURSED-AMOUNT>0</SECONDARY-DISBURSED-AMOUNT>
				</SECONDARY-ACCOUNTS-SUMMARY>
			</ACCOUNTS-SUMMARY>
			<ALERTS>
				<ALERT>
					<ALERT-DESC>NO</ALERT-DESC>
				</ALERT>
			</ALERTS>
			<SCORES>
				<SCORE>
					<SCORE-TYPE>PERFORM-Consumer</SCORE-TYPE>
					<SCORE-VALUE>724</SCORE-VALUE>
					<SCORE-COMMENTS>E-Low Risk</SCORE-COMMENTS>
				</SCORE>
			</SCORES>
			<INQUIRY-HISTORY>
				<HISTORY>
					<MEMBER-NAME>XXXX</MEMBER-NAME>
					<INQUIRY-DATE>26-05-2018</INQUIRY-DATE>
					<PURPOSE>Other</PURPOSE>
					<AMOUNT>1</AMOUNT>
					<REMARK></REMARK>
				</HISTORY>
			</INQUIRY-HISTORY>
			<RESPONSES>
				<RESPONSE>
					<LOAN-DETAILS>
						<ACCT-NUMBER>XXXX</ACCT-NUMBER>
						<CREDIT-GUARANTOR>XXXX</CREDIT-GUARANTOR>
						<ACCT-TYPE>Gold Loan</ACCT-TYPE>
						<DATE-REPORTED>28-02-2017</DATE-REPORTED>
						<OWNERSHIP-IND>Individual</OWNERSHIP-IND>
						<ACCOUNT-STATUS>Closed</ACCOUNT-STATUS>
						<DISBURSED-AMT>35,000</DISBURSED-AMT>
						<DISBURSED-DATE>25-01-2017</DISBURSED-DATE>
						<LAST-PAYMENT-DATE>01-02-2017</LAST-PAYMENT-DATE>
						<CLOSED-DATE>01-02-2017</CLOSED-DATE>
						<OVERDUE-AMT>0</OVERDUE-AMT>
						<WRITE-OFF-AMT>0</WRITE-OFF-AMT>
						<CURRENT-BAL>0</CURRENT-BAL>
						<SECURITY-STATUS>Secured</SECURITY-STATUS>
						<COMBINED-PAYMENT-HISTORY>Feb:2017,000/XXX|Jan:2017,000/STD|</COMBINED-PAYMENT-HISTORY>
						<MATCHED-TYPE>PRIMARY</MATCHED-TYPE>
						<SECURITY-DETAILS></SECURITY-DETAILS>
						<LINKED-ACCOUNTS></LINKED-ACCOUNTS>
					</LOAN-DETAILS>
				</RESPONSE>
				<RESPONSE>
					<LOAN-DETAILS>
						<ACCT-NUMBER>XXXX</ACCT-NUMBER>
						<CREDIT-GUARANTOR>XXXX</CREDIT-GUARANTOR>
						<ACCT-TYPE>Gold Loan</ACCT-TYPE>
						<DATE-REPORTED>31-03-2016</DATE-REPORTED>
						<OWNERSHIP-IND>Individual</OWNERSHIP-IND>
						<ACCOUNT-STATUS>Closed</ACCOUNT-STATUS>
						<DISBURSED-AMT>31,500</DISBURSED-AMT>
						<DISBURSED-DATE>08-09-2014</DISBURSED-DATE>
						<LAST-PAYMENT-DATE>03-03-2016</LAST-PAYMENT-DATE>
						<CLOSED-DATE>03-03-2016</CLOSED-DATE>
						<OVERDUE-AMT>0</OVERDUE-AMT>
						<WRITE-OFF-AMT>0</WRITE-OFF-AMT>
						<CURRENT-BAL>0</CURRENT-BAL>
						<SECURITY-STATUS>Secured</SECURITY-STATUS>
						<COMBINED-PAYMENT-HISTORY>Mar:2016,000/XXX|Feb:2016,175/XXX|Jan:2016,146/XXX|Dec:2015,000/STD|Nov:2015,000/STD|Oct:2015,108/STD|Sep:2015,046/STD|Aug:2015,001/STD|Jul:2015,000/STD|Jun:2015,000/STD|May:2015,000/STD|Apr:2015,XXX/XXX|Mar:2015,XXX/XXX|Feb:2015,XXX/XXX|Jan:2015,XXX/XXX|Dec:2014,XXX/XXX|Nov:2014,XXX/XXX|Oct:2014,XXX/XXX|</COMBINED-PAYMENT-HISTORY>
						<MATCHED-TYPE>PRIMARY</MATCHED-TYPE>
						<SECURITY-DETAILS></SECURITY-DETAILS>
						<LINKED-ACCOUNTS>
							<ACCOUNT-DETAILS>
								<ACCT-NUMBER>XXXX</ACCT-NUMBER>
								<CREDIT-GUARANTOR>XXXX</CREDIT-GUARANTOR>
								<ACCT-TYPE>Gold Loan</ACCT-TYPE>
								<DATE-REPORTED>31-12-2015</DATE-REPORTED>
								<OWNERSHIP-IND>Individual</OWNERSHIP-IND>
								<ACCOUNT-STATUS>Active</ACCOUNT-STATUS>
								<DISBURSED-AMT>31,500</DISBURSED-AMT>
								<DISBURSED-DATE>08-09-2014</DISBURSED-DATE>
								<LAST-PAYMENT-DATE>05-11-2015</LAST-PAYMENT-DATE>
								<OVERDUE-AMT>0</OVERDUE-AMT>
								<CURRENT-BAL>0</CURRENT-BAL>
								<SECURITY-DETAILS></SECURITY-DETAILS>
							</ACCOUNT-DETAILS>
						</LINKED-ACCOUNTS>
					</LOAN-DETAILS>
				</RESPONSE>
				<RESPONSE>
					<LOAN-DETAILS>
						<ACCT-NUMBER>XXXX</ACCT-NUMBER>
						<CREDIT-GUARANTOR>XXXX</CREDIT-GUARANTOR>
						<ACCT-TYPE>Gold Loan</ACCT-TYPE>
						<DATE-REPORTED>31-03-2017</DATE-REPORTED>
						<OWNERSHIP-IND>Individual</OWNERSHIP-IND>
						<ACCOUNT-STATUS>Closed</ACCOUNT-STATUS>
						<DISBURSED-AMT>12,000</DISBURSED-AMT>
						<DISBURSED-DATE>09-08-2016</DISBURSED-DATE>
						<LAST-PAYMENT-DATE>23-03-2017</LAST-PAYMENT-DATE>
						<CLOSED-DATE>23-03-2017</CLOSED-DATE>
						<OVERDUE-AMT>0</OVERDUE-AMT>
						<WRITE-OFF-AMT>0</WRITE-OFF-AMT>
						<CURRENT-BAL>0</CURRENT-BAL>
						<SECURITY-STATUS>Secured</SECURITY-STATUS>
						<COMBINED-PAYMENT-HISTORY>Mar:2017,000/XXX|Feb:2017,114/XXX|Jan:2017,086/XXX|Dec:2016,055/XXX|Nov:2016,000/STD|Oct:2016,XXX/XXX|Sep:2016,XXX/XXX|</COMBINED-PAYMENT-HISTORY>
						<MATCHED-TYPE>PRIMARY</MATCHED-TYPE>
						<SECURITY-DETAILS></SECURITY-DETAILS>
						<LINKED-ACCOUNTS></LINKED-ACCOUNTS>
					</LOAN-DETAILS>
				</RESPONSE>
				<RESPONSE>
					<LOAN-DETAILS>
						<ACCT-NUMBER>XXXX</ACCT-NUMBER>
						<CREDIT-GUARANTOR>XXXX</CREDIT-GUARANTOR>
						<ACCT-TYPE>Gold Loan</ACCT-TYPE>
						<DATE-REPORTED>31-08-2017</DATE-REPORTED>
						<OWNERSHIP-IND>Individual</OWNERSHIP-IND>
						<ACCOUNT-STATUS>Closed</ACCOUNT-STATUS>
						<DISBURSED-AMT>6,400</DISBURSED-AMT>
						<DISBURSED-DATE>12-04-2017</DISBURSED-DATE>
						<LAST-PAYMENT-DATE>22-08-2017</LAST-PAYMENT-DATE>
						<CLOSED-DATE>22-08-2017</CLOSED-DATE>
						<OVERDUE-AMT>0</OVERDUE-AMT>
						<WRITE-OFF-AMT>0</WRITE-OFF-AMT>
						<CURRENT-BAL>0</CURRENT-BAL>
						<SECURITY-STATUS>Secured</SECURITY-STATUS>
						<COMBINED-PAYMENT-HISTORY>Aug:2017,000/XXX|Jul:2017,000/STD|Jun:2017,000/STD|May:2017,000/STD|</COMBINED-PAYMENT-HISTORY>
						<MATCHED-TYPE>PRIMARY</MATCHED-TYPE>
						<SECURITY-DETAILS></SECURITY-DETAILS>
						<LINKED-ACCOUNTS></LINKED-ACCOUNTS>
					</LOAN-DETAILS>
				</RESPONSE>
				<RESPONSE>
					<LOAN-DETAILS>
						<ACCT-NUMBER>XXXX</ACCT-NUMBER>
						<CREDIT-GUARANTOR>XXXX</CREDIT-GUARANTOR>
						<ACCT-TYPE>Gold Loan</ACCT-TYPE>
						<DATE-REPORTED>31-08-2017</DATE-REPORTED>
						<OWNERSHIP-IND>Individual</OWNERSHIP-IND>
						<ACCOUNT-STATUS>Closed</ACCOUNT-STATUS>
						<DISBURSED-AMT>15,500</DISBURSED-AMT>
						<DISBURSED-DATE>25-03-2017</DISBURSED-DATE>
						<LAST-PAYMENT-DATE>22-08-2017</LAST-PAYMENT-DATE>
						<CLOSED-DATE>22-08-2017</CLOSED-DATE>
						<OVERDUE-AMT>0</OVERDUE-AMT>
						<WRITE-OFF-AMT>0</WRITE-OFF-AMT>
						<CURRENT-BAL>0</CURRENT-BAL>
						<SECURITY-STATUS>Secured</SECURITY-STATUS>
						<COMBINED-PAYMENT-HISTORY>Aug:2017,000/XXX|Jul:2017,000/STD|Jun:2017,000/STD|May:2017,000/STD|Apr:2017,XXX/XXX|</COMBINED-PAYMENT-HISTORY>
						<MATCHED-TYPE>PRIMARY</MATCHED-TYPE>
						<SECURITY-DETAILS></SECURITY-DETAILS>
						<LINKED-ACCOUNTS></LINKED-ACCOUNTS>
					</LOAN-DETAILS>
				</RESPONSE>
				<RESPONSE>
					<LOAN-DETAILS>
						<ACCT-NUMBER>XXXX</ACCT-NUMBER>
						<CREDIT-GUARANTOR>XXXX</CREDIT-GUARANTOR>
						<ACCT-TYPE>Personal Loan</ACCT-TYPE>
						<DATE-REPORTED>30-04-2019</DATE-REPORTED>
						<OWNERSHIP-IND>Individual</OWNERSHIP-IND>
						<ACCOUNT-STATUS>Active</ACCOUNT-STATUS>
						<DISBURSED-AMT>70,000</DISBURSED-AMT>
						<DISBURSED-DATE>04-06-2018</DISBURSED-DATE>
						<INSTALLMENT-AMT>5,367</INSTALLMENT-AMT>
						<OVERDUE-AMT>0</OVERDUE-AMT>
						<WRITE-OFF-AMT>0</WRITE-OFF-AMT>
						<CURRENT-BAL>30,261</CURRENT-BAL>
						<SECURITY-STATUS>Un-secured</SECURITY-STATUS>
						<COMBINED-PAYMENT-HISTORY>Apr:2019,000/XXX|Mar:2019,000/XXX|Feb:2019,000/XXX|Jan:2019,000/XXX|Dec:2018,000/XXX|Nov:2018,000/XXX|Oct:2018,000/XXX|Sep:2018,000/XXX|Aug:2018,000/XXX|Jul:2018,000/XXX|Jun:2018,000/XXX|</COMBINED-PAYMENT-HISTORY>
						<MATCHED-TYPE>PRIMARY</MATCHED-TYPE>
						<ACTUAL-PAYMENT>5,367</ACTUAL-PAYMENT>
						<SECURITY-DETAILS>
							<SECURITY-DETAIL>
								<SECURITY-TYPE>No Collateral</SECURITY-TYPE>
								<OWNER-NAME></OWNER-NAME>
								<SECURITY-VALUE>0</SECURITY-VALUE>
								<DATE-OF-VALUE></DATE-OF-VALUE>
								<SECURITY-CHARGE></SECURITY-CHARGE>
								<PROPERTY-ADDRESS></PROPERTY-ADDRESS>
								<AUTOMOBILE-TYPE></AUTOMOBILE-TYPE>
								<YEAR-OF-MANUFACTURE></YEAR-OF-MANUFACTURE>
								<REGISTRATION-NUMBER></REGISTRATION-NUMBER>
								<ENGINE-NUMBER></ENGINE-NUMBER>
								<CHASSIS-NUMBER></CHASSIS-NUMBER>
							</SECURITY-DETAIL>
						</SECURITY-DETAILS>
						<LINKED-ACCOUNTS></LINKED-ACCOUNTS>
					</LOAN-DETAILS>
				</RESPONSE>
				<RESPONSE>
					<LOAN-DETAILS>
						<ACCT-NUMBER>XXXX</ACCT-NUMBER>
						<CREDIT-GUARANTOR>XXXX</CREDIT-GUARANTOR>
						<ACCT-TYPE>Gold Loan</ACCT-TYPE>
						<DATE-REPORTED>31-07-2017</DATE-REPORTED>
						<OWNERSHIP-IND>Individual</OWNERSHIP-IND>
						<ACCOUNT-STATUS>Closed</ACCOUNT-STATUS>
						<DISBURSED-AMT>45,000</DISBURSED-AMT>
						<DISBURSED-DATE>21-07-2017</DISBURSED-DATE>
						<LAST-PAYMENT-DATE>23-07-2017</LAST-PAYMENT-DATE>
						<CLOSED-DATE>23-07-2017</CLOSED-DATE>
						<OVERDUE-AMT>0</OVERDUE-AMT>
						<WRITE-OFF-AMT>0</WRITE-OFF-AMT>
						<CURRENT-BAL>0</CURRENT-BAL>
						<SECURITY-STATUS>Secured</SECURITY-STATUS>
						<COMBINED-PAYMENT-HISTORY>Jul:2017,000/XXX|</COMBINED-PAYMENT-HISTORY>
						<MATCHED-TYPE>PRIMARY</MATCHED-TYPE>
						<SECURITY-DETAILS></SECURITY-DETAILS>
						<LINKED-ACCOUNTS></LINKED-ACCOUNTS>
					</LOAN-DETAILS>
				</RESPONSE>
				<RESPONSE>
					<LOAN-DETAILS>
						<ACCT-NUMBER>XXXX</ACCT-NUMBER>
						<CREDIT-GUARANTOR>XXXX</CREDIT-GUARANTOR>
						<ACCT-TYPE>Personal Loan</ACCT-TYPE>
						<DATE-REPORTED>30-04-2019</DATE-REPORTED>
						<OWNERSHIP-IND>Individual</OWNERSHIP-IND>
						<ACCOUNT-STATUS>Active</ACCOUNT-STATUS>
						<DISBURSED-AMT>20,000</DISBURSED-AMT>
						<DISBURSED-DATE>04-07-2018</DISBURSED-DATE>
						<OVERDUE-AMT>0</OVERDUE-AMT>
						<WRITE-OFF-AMT>0</WRITE-OFF-AMT>
						<CURRENT-BAL>0</CURRENT-BAL>
						<SECURITY-STATUS>Un-secured</SECURITY-STATUS>
						<COMBINED-PAYMENT-HISTORY>Apr:2019,000/STD|Mar:2019,000/STD|Feb:2019,000/STD|Jan:2019,000/XXX|Dec:2018,000/STD|Nov:2018,000/STD|Oct:2018,DDD/DDD|Sep:2018,000/STD|Aug:2018,000/STD|Jul:2018,000/STD|</COMBINED-PAYMENT-HISTORY>
						<MATCHED-TYPE>PRIMARY</MATCHED-TYPE>
						<SECURITY-DETAILS></SECURITY-DETAILS>
						<LINKED-ACCOUNTS></LINKED-ACCOUNTS>
					</LOAN-DETAILS>
				</RESPONSE>
				<RESPONSE>
					<LOAN-DETAILS>
						<ACCT-NUMBER>XXXX</ACCT-NUMBER>
						<CREDIT-GUARANTOR>XXXX</CREDIT-GUARANTOR>
						<ACCT-TYPE>Gold Loan</ACCT-TYPE>
						<DATE-REPORTED>31-07-2017</DATE-REPORTED>
						<OWNERSHIP-IND>Individual</OWNERSHIP-IND>
						<ACCOUNT-STATUS>Closed</ACCOUNT-STATUS>
						<DISBURSED-AMT>47,000</DISBURSED-AMT>
						<DISBURSED-DATE>23-07-2017</DISBURSED-DATE>
						<LAST-PAYMENT-DATE>25-07-2017</LAST-PAYMENT-DATE>
						<CLOSED-DATE>25-07-2017</CLOSED-DATE>
						<OVERDUE-AMT>0</OVERDUE-AMT>
						<WRITE-OFF-AMT>0</WRITE-OFF-AMT>
						<CURRENT-BAL>0</CURRENT-BAL>
						<SECURITY-STATUS>Secured</SECURITY-STATUS>
						<COMBINED-PAYMENT-HISTORY>Jul:2017,000/XXX|</COMBINED-PAYMENT-HISTORY>
						<MATCHED-TYPE>PRIMARY</MATCHED-TYPE>
						<SECURITY-DETAILS></SECURITY-DETAILS>
						<LINKED-ACCOUNTS></LINKED-ACCOUNTS>
					</LOAN-DETAILS>
				</RESPONSE>
				<RESPONSE>
					<LOAN-DETAILS>
						<ACCT-NUMBER>XXXX</ACCT-NUMBER>
						<CREDIT-GUARANTOR>XXXX</CREDIT-GUARANTOR>
						<ACCT-TYPE>Gold Loan</ACCT-TYPE>
						<DATE-REPORTED>31-07-2017</DATE-REPORTED>
						<OWNERSHIP-IND>Individual</OWNERSHIP-IND>
						<ACCOUNT-STATUS>Closed</ACCOUNT-STATUS>
						<DISBURSED-AMT>35,000</DISBURSED-AMT>
						<DISBURSED-DATE>10-07-2017</DISBURSED-DATE>
						<LAST-PAYMENT-DATE>13-07-2017</LAST-PAYMENT-DATE>
						<CLOSED-DATE>13-07-2017</CLOSED-DATE>
						<OVERDUE-AMT>0</OVERDUE-AMT>
						<WRITE-OFF-AMT>0</WRITE-OFF-AMT>
						<CURRENT-BAL>0</CURRENT-BAL>
						<SECURITY-STATUS>Secured</SECURITY-STATUS>
						<COMBINED-PAYMENT-HISTORY>Jul:2017,000/XXX|</COMBINED-PAYMENT-HISTORY>
						<MATCHED-TYPE>PRIMARY</MATCHED-TYPE>
						<SECURITY-DETAILS></SECURITY-DETAILS>
						<LINKED-ACCOUNTS></LINKED-ACCOUNTS>
					</LOAN-DETAILS>
				</RESPONSE>
				<RESPONSE>
					<LOAN-DETAILS>
						<ACCT-NUMBER>XXXX</ACCT-NUMBER>
						<CREDIT-GUARANTOR>XXXX</CREDIT-GUARANTOR>
						<ACCT-TYPE>Personal Loan</ACCT-TYPE>
						<DATE-REPORTED>30-04-2019</DATE-REPORTED>
						<OWNERSHIP-IND>Individual</OWNERSHIP-IND>
						<ACCOUNT-STATUS>Active</ACCOUNT-STATUS>
						<DISBURSED-AMT>20,000</DISBURSED-AMT>
						<DISBURSED-DATE>04-07-2018</DISBURSED-DATE>
						<OVERDUE-AMT>0</OVERDUE-AMT>
						<WRITE-OFF-AMT>0</WRITE-OFF-AMT>
						<CURRENT-BAL>0</CURRENT-BAL>
						<SECURITY-STATUS>Un-secured</SECURITY-STATUS>
						<COMBINED-PAYMENT-HISTORY>Apr:2019,000/STD|Mar:2019,DDD/DDD|Feb:2019,000/STD|Jan:2019,XXX/XXX|Dec:2018,XXX/XXX|Nov:2018,XXX/XXX|Oct:2018,XXX/XXX|Sep:2018,XXX/XXX|Aug:2018,XXX/XXX|</COMBINED-PAYMENT-HISTORY>
						<MATCHED-TYPE>PRIMARY</MATCHED-TYPE>
						<SECURITY-DETAILS></SECURITY-DETAILS>
						<LINKED-ACCOUNTS></LINKED-ACCOUNTS>
					</LOAN-DETAILS>
				</RESPONSE>
				<RESPONSE>
					<LOAN-DETAILS>
						<ACCT-NUMBER>XXXX</ACCT-NUMBER>
						<CREDIT-GUARANTOR>XXXX</CREDIT-GUARANTOR>
						<ACCT-TYPE>Personal Loan</ACCT-TYPE>
						<DATE-REPORTED>31-03-2019</DATE-REPORTED>
						<OWNERSHIP-IND>Individual</OWNERSHIP-IND>
						<ACCOUNT-STATUS>Closed</ACCOUNT-STATUS>
						<DISBURSED-AMT>5,000</DISBURSED-AMT>
						<DISBURSED-DATE>04-03-2019</DISBURSED-DATE>
						<LAST-PAYMENT-DATE>18-03-2019</LAST-PAYMENT-DATE>
						<CLOSED-DATE>18-03-2019</CLOSED-DATE>
						<OVERDUE-AMT>0</OVERDUE-AMT>
						<WRITE-OFF-AMT>0</WRITE-OFF-AMT>
						<CURRENT-BAL>0</CURRENT-BAL>
						<SECURITY-STATUS>Un-secured</SECURITY-STATUS>
						<COMBINED-PAYMENT-HISTORY>Mar:2019,XXX/STD|</COMBINED-PAYMENT-HISTORY>
						<MATCHED-TYPE>PRIMARY</MATCHED-TYPE>
						<SECURITY-DETAILS></SECURITY-DETAILS>
						<LINKED-ACCOUNTS></LINKED-ACCOUNTS>
					</LOAN-DETAILS>
				</RESPONSE>
				<RESPONSE>
					<LOAN-DETAILS>
						<ACCT-NUMBER>XXXX</ACCT-NUMBER>
						<CREDIT-GUARANTOR>XXXX</CREDIT-GUARANTOR>
						<ACCT-TYPE>Gold Loan</ACCT-TYPE>
						<DATE-REPORTED>31-01-2017</DATE-REPORTED>
						<OWNERSHIP-IND>Individual</OWNERSHIP-IND>
						<ACCOUNT-STATUS>Closed</ACCOUNT-STATUS>
						<DISBURSED-AMT>20,000</DISBURSED-AMT>
						<DISBURSED-DATE>18-01-2017</DISBURSED-DATE>
						<LAST-PAYMENT-DATE>25-01-2017</LAST-PAYMENT-DATE>
						<CLOSED-DATE>25-01-2017</CLOSED-DATE>
						<OVERDUE-AMT>0</OVERDUE-AMT>
						<WRITE-OFF-AMT>0</WRITE-OFF-AMT>
						<CURRENT-BAL>0</CURRENT-BAL>
						<SECURITY-STATUS>Secured</SECURITY-STATUS>
						<COMBINED-PAYMENT-HISTORY>Jan:2017,000/XXX|</COMBINED-PAYMENT-HISTORY>
						<MATCHED-TYPE>PRIMARY</MATCHED-TYPE>
						<SECURITY-DETAILS></SECURITY-DETAILS>
						<LINKED-ACCOUNTS></LINKED-ACCOUNTS>
					</LOAN-DETAILS>
				</RESPONSE>
				<RESPONSE>
					<LOAN-DETAILS>
						<ACCT-NUMBER>XXXX</ACCT-NUMBER>
						<CREDIT-GUARANTOR>XXXX</CREDIT-GUARANTOR>
						<ACCT-TYPE>Personal Loan</ACCT-TYPE>
						<DATE-REPORTED>30-04-2019</DATE-REPORTED>
						<OWNERSHIP-IND>Joint</OWNERSHIP-IND>
						<ACCOUNT-STATUS>Active</ACCOUNT-STATUS>
						<DISBURSED-AMT>1,30,000</DISBURSED-AMT>
						<DISBURSED-DATE>11-10-2018</DISBURSED-DATE>
						<LAST-PAYMENT-DATE>05-04-2019</LAST-PAYMENT-DATE>
						<OVERDUE-AMT>0</OVERDUE-AMT>
						<WRITE-OFF-AMT>0</WRITE-OFF-AMT>
						<CURRENT-BAL>97,498</CURRENT-BAL>
						<SECURITY-STATUS>Un-secured</SECURITY-STATUS>
						<COMBINED-PAYMENT-HISTORY>Apr:2019,000/STD|Mar:2019,000/STD|Feb:2019,000/STD|Jan:2019,000/STD|Dec:2018,000/STD|Nov:2018,000/STD|Oct:2018,000/STD|</COMBINED-PAYMENT-HISTORY>
						<MATCHED-TYPE>PRIMARY</MATCHED-TYPE>
						<SECURITY-DETAILS></SECURITY-DETAILS>
						<LINKED-ACCOUNTS></LINKED-ACCOUNTS>
					</LOAN-DETAILS>
				</RESPONSE>
				<RESPONSE>
					<LOAN-DETAILS>
						<ACCT-NUMBER>XXXX</ACCT-NUMBER>
						<CREDIT-GUARANTOR>XXXX</CREDIT-GUARANTOR>
						<ACCT-TYPE>Gold Loan</ACCT-TYPE>
						<DATE-REPORTED>31-03-2016</DATE-REPORTED>
						<OWNERSHIP-IND>Individual</OWNERSHIP-IND>
						<ACCOUNT-STATUS>Closed</ACCOUNT-STATUS>
						<DISBURSED-AMT>21,600</DISBURSED-AMT>
						<DISBURSED-DATE>11-09-2014</DISBURSED-DATE>
						<LAST-PAYMENT-DATE>03-03-2016</LAST-PAYMENT-DATE>
						<CLOSED-DATE>03-03-2016</CLOSED-DATE>
						<OVERDUE-AMT>0</OVERDUE-AMT>
						<WRITE-OFF-AMT>0</WRITE-OFF-AMT>
						<CURRENT-BAL>0</CURRENT-BAL>
						<SECURITY-STATUS>Secured</SECURITY-STATUS>
						<COMBINED-PAYMENT-HISTORY>Mar:2016,000/XXX|Feb:2016,172/XXX|Jan:2016,143/XXX|Dec:2015,000/STD|Nov:2015,000/STD|Oct:2015,108/STD|Sep:2015,046/STD|Aug:2015,001/STD|Jul:2015,000/STD|Jun:2015,000/STD|May:2015,000/STD|Apr:2015,XXX/XXX|Mar:2015,XXX/XXX|Feb:2015,XXX/XXX|Jan:2015,XXX/XXX|Dec:2014,XXX/XXX|Nov:2014,XXX/XXX|Oct:2014,XXX/XXX|</COMBINED-PAYMENT-HISTORY>
						<MATCHED-TYPE>PRIMARY</MATCHED-TYPE>
						<SECURITY-DETAILS></SECURITY-DETAILS>
						<LINKED-ACCOUNTS>
							<ACCOUNT-DETAILS>
								<ACCT-NUMBER>XXXX</ACCT-NUMBER>
								<CREDIT-GUARANTOR>XXXX</CREDIT-GUARANTOR>
								<ACCT-TYPE>Gold Loan</ACCT-TYPE>
								<DATE-REPORTED>31-12-2015</DATE-REPORTED>
								<OWNERSHIP-IND>Individual</OWNERSHIP-IND>
								<ACCOUNT-STATUS>Active</ACCOUNT-STATUS>
								<DISBURSED-AMT>21,600</DISBURSED-AMT>
								<DISBURSED-DATE>11-09-2014</DISBURSED-DATE>
								<LAST-PAYMENT-DATE>05-11-2015</LAST-PAYMENT-DATE>
								<OVERDUE-AMT>0</OVERDUE-AMT>
								<CURRENT-BAL>0</CURRENT-BAL>
								<SECURITY-DETAILS></SECURITY-DETAILS>
							</ACCOUNT-DETAILS>
						</LINKED-ACCOUNTS>
					</LOAN-DETAILS>
				</RESPONSE>
				<RESPONSE>
					<LOAN-DETAILS>
						<ACCT-NUMBER>XXXX</ACCT-NUMBER>
						<CREDIT-GUARANTOR>XXXX</CREDIT-GUARANTOR>
						<ACCT-TYPE>Gold Loan</ACCT-TYPE>
						<DATE-REPORTED>31-08-2017</DATE-REPORTED>
						<OWNERSHIP-IND>Individual</OWNERSHIP-IND>
						<ACCOUNT-STATUS>Closed</ACCOUNT-STATUS>
						<DISBURSED-AMT>50,000</DISBURSED-AMT>
						<DISBURSED-DATE>25-07-2017</DISBURSED-DATE>
						<LAST-PAYMENT-DATE>04-08-2017</LAST-PAYMENT-DATE>
						<CLOSED-DATE>04-08-2017</CLOSED-DATE>
						<OVERDUE-AMT>0</OVERDUE-AMT>
						<WRITE-OFF-AMT>0</WRITE-OFF-AMT>
						<CURRENT-BAL>0</CURRENT-BAL>
						<SECURITY-STATUS>Secured</SECURITY-STATUS>
						<COMBINED-PAYMENT-HISTORY>Aug:2017,000/XXX|Jul:2017,000/STD|</COMBINED-PAYMENT-HISTORY>
						<MATCHED-TYPE>PRIMARY</MATCHED-TYPE>
						<SECURITY-DETAILS></SECURITY-DETAILS>
						<LINKED-ACCOUNTS></LINKED-ACCOUNTS>
					</LOAN-DETAILS>
				</RESPONSE>
				<RESPONSE>
					<LOAN-DETAILS>
						<ACCT-NUMBER>XXXX</ACCT-NUMBER>
						<CREDIT-GUARANTOR>XXXX</CREDIT-GUARANTOR>
						<ACCT-TYPE>Gold Loan</ACCT-TYPE>
						<DATE-REPORTED>30-06-2017</DATE-REPORTED>
						<OWNERSHIP-IND>Individual</OWNERSHIP-IND>
						<ACCOUNT-STATUS>Closed</ACCOUNT-STATUS>
						<DISBURSED-AMT>20,000</DISBURSED-AMT>
						<DISBURSED-DATE>30-06-2017</DISBURSED-DATE>
						<LAST-PAYMENT-DATE>30-06-2017</LAST-PAYMENT-DATE>
						<CLOSED-DATE>30-06-2017</CLOSED-DATE>
						<OVERDUE-AMT>0</OVERDUE-AMT>
						<WRITE-OFF-AMT>0</WRITE-OFF-AMT>
						<CURRENT-BAL>0</CURRENT-BAL>
						<SECURITY-STATUS>Secured</SECURITY-STATUS>
						<COMBINED-PAYMENT-HISTORY>Jun:2017,000/XXX|</COMBINED-PAYMENT-HISTORY>
						<MATCHED-TYPE>PRIMARY</MATCHED-TYPE>
						<SECURITY-DETAILS></SECURITY-DETAILS>
						<LINKED-ACCOUNTS></LINKED-ACCOUNTS>
					</LOAN-DETAILS>
				</RESPONSE>
				<RESPONSE>
					<LOAN-DETAILS>
						<ACCT-NUMBER>XXXX</ACCT-NUMBER>
						<CREDIT-GUARANTOR>XXXX</CREDIT-GUARANTOR>
						<ACCT-TYPE>Auto Loan (Personal)</ACCT-TYPE>
						<DATE-REPORTED>28-02-2019</DATE-REPORTED>
						<OWNERSHIP-IND>Individual</OWNERSHIP-IND>
						<ACCOUNT-STATUS>Closed</ACCOUNT-STATUS>
						<DISBURSED-AMT>1,65,000</DISBURSED-AMT>
						<DISBURSED-DATE>30-04-2013</DISBURSED-DATE>
						<CLOSED-DATE>21-07-2016</CLOSED-DATE>
						<OVERDUE-AMT>0</OVERDUE-AMT>
						<WRITE-OFF-AMT>0</WRITE-OFF-AMT>
						<CURRENT-BAL>0</CURRENT-BAL>
						<SECURITY-STATUS>Secured</SECURITY-STATUS>
						<COMBINED-PAYMENT-HISTORY>Jul:2016,000/XXX|Jun:2016,210/XXX|May:2016,180/XXX|Apr:2016,150/XXX|Mar:2016,120/XXX|Feb:2016,XXX/XXX|Jan:2016,XXX/XXX|Dec:2015,XXX/XXX|Nov:2015,XXX/XXX|Oct:2015,XXX/XXX|Sep:2015,XXX/XXX|Aug:2015,XXX/XXX|Jul:2015,XXX/XXX|Jun:2015,XXX/XXX|May:2015,XXX/XXX|Apr:2015,XXX/XXX|Mar:2015,XXX/XXX|Feb:2015,XXX/XXX|Jan:2015,XXX/XXX|Dec:2014,XXX/XXX|Nov:2014,XXX/XXX|Oct:2014,XXX/XXX|Sep:2014,XXX/XXX|Aug:2014,XXX/XXX|Jul:2014,XXX/XXX|Jun:2014,XXX/XXX|May:2014,XXX/XXX|Apr:2014,XXX/XXX|Mar:2014,XXX/XXX|Feb:2014,XXX/XXX|Jan:2014,XXX/XXX|Dec:2013,XXX/XXX|Nov:2013,XXX/XXX|Oct:2013,XXX/XXX|Sep:2013,XXX/XXX|Aug:2013,XXX/XXX|</COMBINED-PAYMENT-HISTORY>
						<MATCHED-TYPE>PRIMARY</MATCHED-TYPE>
						<SECURITY-DETAILS></SECURITY-DETAILS>
						<LINKED-ACCOUNTS></LINKED-ACCOUNTS>
					</LOAN-DETAILS>
				</RESPONSE>
				<RESPONSE>
					<LOAN-DETAILS>
						<ACCT-NUMBER>XXXX</ACCT-NUMBER>
						<CREDIT-GUARANTOR>XXXX</CREDIT-GUARANTOR>
						<ACCT-TYPE>Gold Loan</ACCT-TYPE>
						<DATE-REPORTED>31-03-2017</DATE-REPORTED>
						<OWNERSHIP-IND>Individual</OWNERSHIP-IND>
						<ACCOUNT-STATUS>Closed</ACCOUNT-STATUS>
						<DISBURSED-AMT>11,500</DISBURSED-AMT>
						<DISBURSED-DATE>19-09-2016</DISBURSED-DATE>
						<LAST-PAYMENT-DATE>30-03-2017</LAST-PAYMENT-DATE>
						<CLOSED-DATE>30-03-2017</CLOSED-DATE>
						<OVERDUE-AMT>0</OVERDUE-AMT>
						<WRITE-OFF-AMT>0</WRITE-OFF-AMT>
						<CURRENT-BAL>0</CURRENT-BAL>
						<SECURITY-STATUS>Secured</SECURITY-STATUS>
						<COMBINED-PAYMENT-HISTORY>Mar:2017,000/XXX|Feb:2017,073/XXX|Jan:2017,000/STD|Dec:2016,000/STD|Nov:2016,000/STD|Oct:2016,XXX/XXX|</COMBINED-PAYMENT-HISTORY>
						<MATCHED-TYPE>PRIMARY</MATCHED-TYPE>
						<SECURITY-DETAILS></SECURITY-DETAILS>
						<LINKED-ACCOUNTS></LINKED-ACCOUNTS>
					</LOAN-DETAILS>
				</RESPONSE>
				<RESPONSE>
					<LOAN-DETAILS>
						<ACCT-NUMBER>XXXX</ACCT-NUMBER>
						<CREDIT-GUARANTOR>XXXX</CREDIT-GUARANTOR>
						<ACCT-TYPE>Gold Loan</ACCT-TYPE>
						<DATE-REPORTED>31-07-2017</DATE-REPORTED>
						<OWNERSHIP-IND>Individual</OWNERSHIP-IND>
						<ACCOUNT-STATUS>Closed</ACCOUNT-STATUS>
						<DISBURSED-AMT>11,500</DISBURSED-AMT>
						<DISBURSED-DATE>23-03-2017</DISBURSED-DATE>
						<LAST-PAYMENT-DATE>28-07-2017</LAST-PAYMENT-DATE>
						<CLOSED-DATE>28-07-2017</CLOSED-DATE>
						<OVERDUE-AMT>0</OVERDUE-AMT>
						<WRITE-OFF-AMT>0</WRITE-OFF-AMT>
						<CURRENT-BAL>0</CURRENT-BAL>
						<SECURITY-STATUS>Secured</SECURITY-STATUS>
						<COMBINED-PAYMENT-HISTORY>Jul:2017,000/XXX|Jun:2017,000/STD|May:2017,000/STD|Apr:2017,000/STD|Mar:2017,000/STD|</COMBINED-PAYMENT-HISTORY>
						<MATCHED-TYPE>PRIMARY</MATCHED-TYPE>
						<SECURITY-DETAILS></SECURITY-DETAILS>
						<LINKED-ACCOUNTS></LINKED-ACCOUNTS>
					</LOAN-DETAILS>
				</RESPONSE>
				<RESPONSE>
					<LOAN-DETAILS>
						<ACCT-NUMBER>XXXX</ACCT-NUMBER>
						<CREDIT-GUARANTOR>XXXX</CREDIT-GUARANTOR>
						<ACCT-TYPE>Two-Wheeler Loan</ACCT-TYPE>
						<DATE-REPORTED>30-04-2019</DATE-REPORTED>
						<OWNERSHIP-IND>Individual</OWNERSHIP-IND>
						<ACCOUNT-STATUS>Active</ACCOUNT-STATUS>
						<DISBURSED-AMT>40,000</DISBURSED-AMT>
						<DISBURSED-DATE>31-10-2012</DISBURSED-DATE>
						<LAST-PAYMENT-DATE>28-05-2014</LAST-PAYMENT-DATE>
						<INSTALLMENT-AMT>2,572/Monthly</INSTALLMENT-AMT>
						<OVERDUE-AMT>0</OVERDUE-AMT>
						<WRITE-OFF-AMT>0</WRITE-OFF-AMT>
						<CURRENT-BAL>11,500</CURRENT-BAL>
						<SECURITY-STATUS>Secured</SECURITY-STATUS>
						<COMBINED-PAYMENT-HISTORY>Apr:2019,000/XXX|Mar:2019,000/XXX|Feb:2019,000/XXX|Jan:2019,000/XXX|Dec:2018,000/XXX|Nov:2018,000/XXX|Oct:2018,000/XXX|Sep:2018,000/XXX|Aug:2018,000/XXX|Jul:2018,000/XXX|Jun:2018,000/XXX|May:2018,000/XXX|Apr:2018,000/XXX|Mar:2018,000/XXX|Feb:2018,000/XXX|Jan:2018,000/XXX|Dec:2017,000/XXX|Nov:2017,000/XXX|Oct:2017,000/XXX|Sep:2017,000/XXX|Aug:2017,000/XXX|Jul:2017,000/XXX|Jun:2017,000/XXX|May:2017,000/XXX|Apr:2017,000/XXX|Mar:2017,000/XXX|Feb:2017,000/XXX|Jan:2017,000/XXX|Dec:2016,000/XXX|Nov:2016,000/XXX|Oct:2016,000/XXX|Sep:2016,000/XXX|Aug:2016,000/XXX|Jul:2016,000/XXX|Jun:2016,000/XXX|May:2016,000/XXX|</COMBINED-PAYMENT-HISTORY>
						<MATCHED-TYPE>PRIMARY</MATCHED-TYPE>
						<SUIT-FILED_WILFUL-DEFAULT>No Suit filed</SUIT-FILED_WILFUL-DEFAULT>
						<ACTUAL-PAYMENT>43,724</ACTUAL-PAYMENT>
						<SECURITY-DETAILS></SECURITY-DETAILS>
						<LINKED-ACCOUNTS></LINKED-ACCOUNTS>
					</LOAN-DETAILS>
				</RESPONSE>
				<RESPONSE>
					<LOAN-DETAILS>
						<ACCT-NUMBER>XXXX</ACCT-NUMBER>
						<CREDIT-GUARANTOR>XXXX</CREDIT-GUARANTOR>
						<ACCT-TYPE>Credit Card</ACCT-TYPE>
						<DATE-REPORTED>30-04-2019</DATE-REPORTED>
						<OWNERSHIP-IND>Individual</OWNERSHIP-IND>
						<ACCOUNT-STATUS>Active</ACCOUNT-STATUS>
						<DISBURSED-AMT>46,980</DISBURSED-AMT>
						<DISBURSED-DATE>24-05-2018</DISBURSED-DATE>
						<LAST-PAYMENT-DATE>07-04-2019</LAST-PAYMENT-DATE>
						<OVERDUE-AMT>0</OVERDUE-AMT>
						<WRITE-OFF-AMT>0</WRITE-OFF-AMT>
						<CURRENT-BAL>46,980</CURRENT-BAL>
						<CREDIT-LIMIT>45,000</CREDIT-LIMIT>
						<SECURITY-STATUS>Un-secured</SECURITY-STATUS>
						<COMBINED-PAYMENT-HISTORY>Apr:2019,000/XXX|Mar:2019,000/XXX|Feb:2019,000/XXX|Jan:2019,000/XXX|Dec:2018,000/XXX|Nov:2018,000/XXX|Oct:2018,000/XXX|Sep:2018,000/XXX|Aug:2018,000/XXX|Jul:2018,000/XXX|Jun:2018,000/XXX|May:2018,000/XXX|</COMBINED-PAYMENT-HISTORY>
						<MATCHED-TYPE>PRIMARY</MATCHED-TYPE>
						<ACTUAL-PAYMENT>12,903</ACTUAL-PAYMENT>
						<SECURITY-DETAILS></SECURITY-DETAILS>
						<LINKED-ACCOUNTS></LINKED-ACCOUNTS>
					</LOAN-DETAILS>
				</RESPONSE>
				<RESPONSE>
					<LOAN-DETAILS>
						<ACCT-NUMBER>XXXX</ACCT-NUMBER>
						<CREDIT-GUARANTOR>XXXX</CREDIT-GUARANTOR>
						<ACCT-TYPE>Gold Loan</ACCT-TYPE>
						<DATE-REPORTED>31-03-2018</DATE-REPORTED>
						<OWNERSHIP-IND>Individual</OWNERSHIP-IND>
						<ACCOUNT-STATUS>Closed</ACCOUNT-STATUS>
						<DISBURSED-AMT>11,340</DISBURSED-AMT>
						<DISBURSED-DATE>28-07-2017</DISBURSED-DATE>
						<LAST-PAYMENT-DATE>15-03-2018</LAST-PAYMENT-DATE>
						<CLOSED-DATE>15-03-2018</CLOSED-DATE>
						<OVERDUE-AMT>0</OVERDUE-AMT>
						<WRITE-OFF-AMT>0</WRITE-OFF-AMT>
						<CURRENT-BAL>0</CURRENT-BAL>
						<SECURITY-STATUS>Secured</SECURITY-STATUS>
						<COMBINED-PAYMENT-HISTORY>Mar:2018,000/XXX|Feb:2018,000/STD|Jan:2018,000/STD|Dec:2017,000/STD|Nov:2017,000/STD|Oct:2017,000/STD|Sep:2017,000/STD|Aug:2017,000/STD|Jul:2017,000/STD|</COMBINED-PAYMENT-HISTORY>
						<MATCHED-TYPE>PRIMARY</MATCHED-TYPE>
						<SECURITY-DETAILS></SECURITY-DETAILS>
						<LINKED-ACCOUNTS></LINKED-ACCOUNTS>
					</LOAN-DETAILS>
				</RESPONSE>
				<RESPONSE>
					<LOAN-DETAILS>
						<ACCT-NUMBER>XXXX</ACCT-NUMBER>
						<CREDIT-GUARANTOR>XXXX</CREDIT-GUARANTOR>
						<ACCT-TYPE>Gold Loan</ACCT-TYPE>
						<DATE-REPORTED>28-02-2017</DATE-REPORTED>
						<OWNERSHIP-IND>Individual</OWNERSHIP-IND>
						<ACCOUNT-STATUS>Closed</ACCOUNT-STATUS>
						<DISBURSED-AMT>38,000</DISBURSED-AMT>
						<DISBURSED-DATE>01-02-2017</DISBURSED-DATE>
						<LAST-PAYMENT-DATE>04-02-2017</LAST-PAYMENT-DATE>
						<CLOSED-DATE>04-02-2017</CLOSED-DATE>
						<OVERDUE-AMT>0</OVERDUE-AMT>
						<WRITE-OFF-AMT>0</WRITE-OFF-AMT>
						<CURRENT-BAL>0</CURRENT-BAL>
						<SECURITY-STATUS>Secured</SECURITY-STATUS>
						<COMBINED-PAYMENT-HISTORY>Feb:2017,000/XXX|</COMBINED-PAYMENT-HISTORY>
						<MATCHED-TYPE>PRIMARY</MATCHED-TYPE>
						<SECURITY-DETAILS></SECURITY-DETAILS>
						<LINKED-ACCOUNTS></LINKED-ACCOUNTS>
					</LOAN-DETAILS>
				</RESPONSE>
				<RESPONSE>
					<LOAN-DETAILS>
						<ACCT-NUMBER>XXXX</ACCT-NUMBER>
						<CREDIT-GUARANTOR>XXXX</CREDIT-GUARANTOR>
						<ACCT-TYPE>Gold Loan</ACCT-TYPE>
						<DATE-REPORTED>31-05-2017</DATE-REPORTED>
						<OWNERSHIP-IND>Individual</OWNERSHIP-IND>
						<ACCOUNT-STATUS>Closed</ACCOUNT-STATUS>
						<DISBURSED-AMT>52,000</DISBURSED-AMT>
						<DISBURSED-DATE>03-05-2017</DISBURSED-DATE>
						<LAST-PAYMENT-DATE>06-05-2017</LAST-PAYMENT-DATE>
						<CLOSED-DATE>06-05-2017</CLOSED-DATE>
						<OVERDUE-AMT>0</OVERDUE-AMT>
						<WRITE-OFF-AMT>0</WRITE-OFF-AMT>
						<CURRENT-BAL>0</CURRENT-BAL>
						<SECURITY-STATUS>Secured</SECURITY-STATUS>
						<COMBINED-PAYMENT-HISTORY>May:2017,000/XXX|</COMBINED-PAYMENT-HISTORY>
						<MATCHED-TYPE>PRIMARY</MATCHED-TYPE>
						<SECURITY-DETAILS></SECURITY-DETAILS>
						<LINKED-ACCOUNTS></LINKED-ACCOUNTS>
					</LOAN-DETAILS>
				</RESPONSE>
				<RESPONSE>
					<LOAN-DETAILS>
						<ACCT-NUMBER>XXXX</ACCT-NUMBER>
						<CREDIT-GUARANTOR>XXXX</CREDIT-GUARANTOR>
						<ACCT-TYPE>Gold Loan</ACCT-TYPE>
						<DATE-REPORTED>31-07-2017</DATE-REPORTED>
						<OWNERSHIP-IND>Individual</OWNERSHIP-IND>
						<ACCOUNT-STATUS>Closed</ACCOUNT-STATUS>
						<DISBURSED-AMT>62,000</DISBURSED-AMT>
						<DISBURSED-DATE>13-07-2017</DISBURSED-DATE>
						<LAST-PAYMENT-DATE>15-07-2017</LAST-PAYMENT-DATE>
						<CLOSED-DATE>15-07-2017</CLOSED-DATE>
						<OVERDUE-AMT>0</OVERDUE-AMT>
						<WRITE-OFF-AMT>0</WRITE-OFF-AMT>
						<CURRENT-BAL>0</CURRENT-BAL>
						<SECURITY-STATUS>Secured</SECURITY-STATUS>
						<COMBINED-PAYMENT-HISTORY>Jul:2017,000/XXX|</COMBINED-PAYMENT-HISTORY>
						<MATCHED-TYPE>PRIMARY</MATCHED-TYPE>
						<SECURITY-DETAILS></SECURITY-DETAILS>
						<LINKED-ACCOUNTS></LINKED-ACCOUNTS>
					</LOAN-DETAILS>
				</RESPONSE>
				<RESPONSE>
					<LOAN-DETAILS>
						<ACCT-NUMBER>XXXX</ACCT-NUMBER>
						<CREDIT-GUARANTOR>XXXX</CREDIT-GUARANTOR>
						<ACCT-TYPE>Gold Loan</ACCT-TYPE>
						<DATE-REPORTED>31-07-2017</DATE-REPORTED>
						<OWNERSHIP-IND>Individual</OWNERSHIP-IND>
						<ACCOUNT-STATUS>Closed</ACCOUNT-STATUS>
						<DISBURSED-AMT>35,000</DISBURSED-AMT>
						<DISBURSED-DATE>20-07-2017</DISBURSED-DATE>
						<LAST-PAYMENT-DATE>21-07-2017</LAST-PAYMENT-DATE>
						<CLOSED-DATE>21-07-2017</CLOSED-DATE>
						<OVERDUE-AMT>0</OVERDUE-AMT>
						<WRITE-OFF-AMT>0</WRITE-OFF-AMT>
						<CURRENT-BAL>0</CURRENT-BAL>
						<SECURITY-STATUS>Secured</SECURITY-STATUS>
						<COMBINED-PAYMENT-HISTORY>Jul:2017,000/XXX|</COMBINED-PAYMENT-HISTORY>
						<MATCHED-TYPE>PRIMARY</MATCHED-TYPE>
						<SECURITY-DETAILS></SECURITY-DETAILS>
						<LINKED-ACCOUNTS></LINKED-ACCOUNTS>
					</LOAN-DETAILS>
				</RESPONSE>
			</RESPONSES>
			<INDV-RESPONSES>
				<PRIMARY-SUMMARY>
					<NO-OF-DEFAULT-ACCOUNTS>0</NO-OF-DEFAULT-ACCOUNTS>
					<TOTAL-RESPONSES>0</TOTAL-RESPONSES>
					<NO-OF-CLOSED-ACCOUNTS>0</NO-OF-CLOSED-ACCOUNTS>
					<NO-OF-ACTIVE-ACCOUNTS>0</NO-OF-ACTIVE-ACCOUNTS>
					<NO-OF-OTHER-MFIS>0</NO-OF-OTHER-MFIS>
					<NO-OF-OWN-MFIS>0</NO-OF-OWN-MFIS>
				</PRIMARY-SUMMARY>
				<SECONDARY-SUMMARY>
					<NO-OF-DEFAULT-ACCOUNTS>0</NO-OF-DEFAULT-ACCOUNTS>
					<TOTAL-RESPONSES>0</TOTAL-RESPONSES>
					<NO-OF-CLOSED-ACCOUNTS>0</NO-OF-CLOSED-ACCOUNTS>
					<NO-OF-ACTIVE-ACCOUNTS>0</NO-OF-ACTIVE-ACCOUNTS>
					<NO-OF-OTHER-MFIS>0</NO-OF-OTHER-MFIS>
					<NO-OF-OWN-MFIS>0</NO-OF-OWN-MFIS>
				</SECONDARY-SUMMARY>
				<SUMMARY>
					<STATUS>SUCCESS</STATUS>
					<TOTAL-RESPONSES>0</TOTAL-RESPONSES>
					<NO-OF-OTHER-MFIS>0</NO-OF-OTHER-MFIS>
					<NO-OF-DEFAULT-ACCOUNTS>0</NO-OF-DEFAULT-ACCOUNTS>
					<OWN-MFI-INDECATOR>false</OWN-MFI-INDECATOR>
					<NO-OF-CLOSED-ACCOUNTS>0</NO-OF-CLOSED-ACCOUNTS>
					<NO-OF-ACTIVE-ACCOUNTS>0</NO-OF-ACTIVE-ACCOUNTS>
					<NO-OF-OWN-MFIS>0</NO-OF-OWN-MFIS>
				</SUMMARY>
				<INDV-RESPONSE-LIST></INDV-RESPONSE-LIST>
			</INDV-RESPONSES>
			<GRP-RESPONSES>
				<PRIMARY-SUMMARY>
					<NO-OF-DEFAULT-ACCOUNTS>0</NO-OF-DEFAULT-ACCOUNTS>
					<TOTAL-RESPONSES>0</TOTAL-RESPONSES>
					<NO-OF-CLOSED-ACCOUNTS>0</NO-OF-CLOSED-ACCOUNTS>
					<NO-OF-ACTIVE-ACCOUNTS>0</NO-OF-ACTIVE-ACCOUNTS>
					<NO-OF-OTHER-MFIS>0</NO-OF-OTHER-MFIS>
					<NO-OF-OWN-MFIS>0</NO-OF-OWN-MFIS>
				</PRIMARY-SUMMARY>
				<SECONDARY-SUMMARY>
					<NO-OF-DEFAULT-ACCOUNTS>0</NO-OF-DEFAULT-ACCOUNTS>
					<TOTAL-RESPONSES>0</TOTAL-RESPONSES>
					<NO-OF-CLOSED-ACCOUNTS>0</NO-OF-CLOSED-ACCOUNTS>
					<NO-OF-ACTIVE-ACCOUNTS>0</NO-OF-ACTIVE-ACCOUNTS>
					<NO-OF-OTHER-MFIS>0</NO-OF-OTHER-MFIS>
					<NO-OF-OWN-MFIS>0</NO-OF-OWN-MFIS>
				</SECONDARY-SUMMARY>
				<SUMMARY>
					<STATUS>SUCCESS</STATUS>
					<TOTAL-RESPONSES>0</TOTAL-RESPONSES>
					<NO-OF-OTHER-MFIS>0</NO-OF-OTHER-MFIS>
					<NO-OF-DEFAULT-ACCOUNTS>0</NO-OF-DEFAULT-ACCOUNTS>
					<OWN-MFI-INDECATOR>false</OWN-MFI-INDECATOR>
					<NO-OF-CLOSED-ACCOUNTS>0</NO-OF-CLOSED-ACCOUNTS>
					<NO-OF-ACTIVE-ACCOUNTS>0</NO-OF-ACTIVE-ACCOUNTS>
					<NO-OF-OWN-MFIS>0</NO-OF-OWN-MFIS>
				</SUMMARY>
				<GRP-RESPONSE-LIST></GRP-RESPONSE-LIST>
			</GRP-RESPONSES>
		</INDV-REPORT>
	</INDV-REPORTS>
</INDV-REPORT-FILE>