<?xml version="1.0" encoding="utf-8"?>
<INDV-REPORT-FILE>
	<INDV-REPORTS>
		<INDV-REPORT>
			<HEADER>
				<DATE-OF-REQUEST>22-04-2019 04:51:37</DATE-OF-REQUEST>
				<PREPARED-FOR>FICCL GOUPWARDS</PREPARED-FOR>
				<PREPARED-FOR-ID>NBF0002574</PREPARED-FOR-ID>
				<DATE-OF-ISSUE>22-04-2019</DATE-OF-ISSUE>
				<BATCH-ID>333838688190422</BATCH-ID>
				<REPORT-ID>FICC190422CR426012724</REPORT-ID>
			</HEADER>
			<STATUS-DETAILS>
				<STATUS>
					<OPTION>CNS-SCORE</OPTION>
					<OPTION-STATUS>SUCCESS</OPTION-STATUS>
					<ERRORS></ERRORS>
				</STATUS>
				<STATUS>
					<OPTION>MFI-INDV</OPTION>
					<OPTION-STATUS>NO RESPONSE FOUND</OPTION-STATUS>
					<ERRORS>
						<ERROR></ERROR>
					</ERRORS>
				</STATUS>
				<STATUS>
					<OPTION>MFI-GRP</OPTION>
					<OPTION-STATUS>NO RESPONSE FOUND</OPTION-STATUS>
					<ERRORS>
						<ERROR></ERROR>
					</ERRORS>
				</STATUS>
				<STATUS>
					<OPTION>CNS_INDV</OPTION>
					<OPTION-STATUS>SUCCESS</OPTION-STATUS>
					<ERRORS></ERRORS>
				</STATUS>
				<STATUS>
					<OPTION>INQUIRY-HISTORY</OPTION>
					<OPTION-STATUS>SUCCESS</OPTION-STATUS>
					<ERRORS></ERRORS>
				</STATUS>
			</STATUS-DETAILS>
			<SECONDARY-MATCHES></SECONDARY-MATCHES>
			<ACCOUNTS-SUMMARY>
				<DERIVED-ATTRIBUTES>
					<INQUIRIES-IN-LAST-SIX-MONTHS>1</INQUIRIES-IN-LAST-SIX-MONTHS>
					<LENGTH-OF-CREDIT-HISTORY-YEAR>1</LENGTH-OF-CREDIT-HISTORY-YEAR>
					<LENGTH-OF-CREDIT-HISTORY-MONTH>6</LENGTH-OF-CREDIT-HISTORY-MONTH>
					<AVERAGE-ACCOUNT-AGE-YEAR>0</AVERAGE-ACCOUNT-AGE-YEAR>
					<AVERAGE-ACCOUNT-AGE-MONTH>6</AVERAGE-ACCOUNT-AGE-MONTH>
					<NEW-ACCOUNTS-IN-LAST-SIX-MONTHS>13</NEW-ACCOUNTS-IN-LAST-SIX-MONTHS>
					<NEW-DELINQ-ACCOUNT-IN-LAST-SIX-MONTHS>0</NEW-DELINQ-ACCOUNT-IN-LAST-SIX-MONTHS>
				</DERIVED-ATTRIBUTES>
				<PRIMARY-ACCOUNTS-SUMMARY>
					<PRIMARY-NUMBER-OF-ACCOUNTS>30</PRIMARY-NUMBER-OF-ACCOUNTS>
					<PRIMARY-ACTIVE-NUMBER-OF-ACCOUNTS>9</PRIMARY-ACTIVE-NUMBER-OF-ACCOUNTS>
					<PRIMARY-OVERDUE-NUMBER-OF-ACCOUNTS>0</PRIMARY-OVERDUE-NUMBER-OF-ACCOUNTS>
					<PRIMARY-SECURED-NUMBER-OF-ACCOUNTS>0</PRIMARY-SECURED-NUMBER-OF-ACCOUNTS>
					<PRIMARY-UNSECURED-NUMBER-OF-ACCOUNTS>0</PRIMARY-UNSECURED-NUMBER-OF-ACCOUNTS>
					<PRIMARY-UNTAGGED-NUMBER-OF-ACCOUNTS>0</PRIMARY-UNTAGGED-NUMBER-OF-ACCOUNTS>
					<PRIMARY-CURRENT-BALANCE>29629</PRIMARY-CURRENT-BALANCE>
					<PRIMARY-SANCTIONED-AMOUNT>68422</PRIMARY-SANCTIONED-AMOUNT>
					<PRIMARY-DISBURSED-AMOUNT>68422</PRIMARY-DISBURSED-AMOUNT>
				</PRIMARY-ACCOUNTS-SUMMARY>
				<SECONDARY-ACCOUNTS-SUMMARY>
					<SECONDARY-NUMBER-OF-ACCOUNTS>0</SECONDARY-NUMBER-OF-ACCOUNTS>
					<SECONDARY-ACTIVE-NUMBER-OF-ACCOUNTS>0</SECONDARY-ACTIVE-NUMBER-OF-ACCOUNTS>
					<SECONDARY-OVERDUE-NUMBER-OF-ACCOUNTS>0</SECONDARY-OVERDUE-NUMBER-OF-ACCOUNTS>
					<SECONDARY-SECURED-NUMBER-OF-ACCOUNTS>0</SECONDARY-SECURED-NUMBER-OF-ACCOUNTS>
					<SECONDARY-UNSECURED-NUMBER-OF-ACCOUNTS>0</SECONDARY-UNSECURED-NUMBER-OF-ACCOUNTS>
					<SECONDARY-UNTAGGED-NUMBER-OF-ACCOUNTS>0</SECONDARY-UNTAGGED-NUMBER-OF-ACCOUNTS>
					<SECONDARY-CURRENT-BALANCE>0</SECONDARY-CURRENT-BALANCE>
					<SECONDARY-SANCTIONED-AMOUNT>0</SECONDARY-SANCTIONED-AMOUNT>
					<SECONDARY-DISBURSED-AMOUNT>0</SECONDARY-DISBURSED-AMOUNT>
				</SECONDARY-ACCOUNTS-SUMMARY>
			</ACCOUNTS-SUMMARY>
			<ALERTS>
				<ALERT>
					<ALERT-DESC>NO</ALERT-DESC>
				</ALERT>
			</ALERTS>
			<SCORES>
				<SCORE>
					<SCORE-TYPE>PERFORM-Consumer</SCORE-TYPE>
					<SCORE-VALUE>689</SCORE-VALUE>
					<SCORE-COMMENTS>H-Medium Risk</SCORE-COMMENTS>
				</SCORE>
			</SCORES>
			<INQUIRY-HISTORY>
				<HISTORY>
					<MEMBER-NAME>XXXX</MEMBER-NAME>
					<INQUIRY-DATE>21-11-2018</INQUIRY-DATE>
					<PURPOSE>Other</PURPOSE>
					<AMOUNT>1</AMOUNT>
					<REMARK></REMARK>
				</HISTORY>
			</INQUIRY-HISTORY>
			<RESPONSES>
				<RESPONSE>
					<LOAN-DETAILS>
						<ACCT-NUMBER>XXXX</ACCT-NUMBER>
						<CREDIT-GUARANTOR>XXXX</CREDIT-GUARANTOR>
						<ACCT-TYPE>Personal Loan</ACCT-TYPE>
						<DATE-REPORTED>28-02-2019</DATE-REPORTED>
						<OWNERSHIP-IND>Individual</OWNERSHIP-IND>
						<ACCOUNT-STATUS>Closed</ACCOUNT-STATUS>
						<DISBURSED-AMT>3,500</DISBURSED-AMT>
						<DISBURSED-DATE>03-12-2018</DISBURSED-DATE>
						<CLOSED-DATE>24-01-2019</CLOSED-DATE>
						<INSTALLMENT-AMT>0</INSTALLMENT-AMT>
						<OVERDUE-AMT>0</OVERDUE-AMT>
						<WRITE-OFF-AMT>0</WRITE-OFF-AMT>
						<CURRENT-BAL>0</CURRENT-BAL>
						<SECURITY-STATUS>Un-secured</SECURITY-STATUS>
						<COMBINED-PAYMENT-HISTORY>Jan:2019,000/XXX|Dec:2018,000/XXX|</COMBINED-PAYMENT-HISTORY>
						<MATCHED-TYPE>PRIMARY</MATCHED-TYPE>
						<SECURITY-DETAILS>
							<SECURITY-DETAIL>
								<SECURITY-TYPE>No Collateral</SECURITY-TYPE>
								<OWNER-NAME></OWNER-NAME>
								<SECURITY-VALUE>0</SECURITY-VALUE>
								<DATE-OF-VALUE></DATE-OF-VALUE>
								<SECURITY-CHARGE></SECURITY-CHARGE>
								<PROPERTY-ADDRESS></PROPERTY-ADDRESS>
								<AUTOMOBILE-TYPE></AUTOMOBILE-TYPE>
								<YEAR-OF-MANUFACTURE></YEAR-OF-MANUFACTURE>
								<REGISTRATION-NUMBER></REGISTRATION-NUMBER>
								<ENGINE-NUMBER></ENGINE-NUMBER>
								<CHASSIS-NUMBER></CHASSIS-NUMBER>
							</SECURITY-DETAIL>
						</SECURITY-DETAILS>
						<LINKED-ACCOUNTS></LINKED-ACCOUNTS>
					</LOAN-DETAILS>
				</RESPONSE>
				<RESPONSE>
					<LOAN-DETAILS>
						<ACCT-NUMBER>XXXX</ACCT-NUMBER>
						<CREDIT-GUARANTOR>XXXX</CREDIT-GUARANTOR>
						<ACCT-TYPE>Gold Loan</ACCT-TYPE>
						<DATE-REPORTED>31-03-2017</DATE-REPORTED>
						<OWNERSHIP-IND>Individual</OWNERSHIP-IND>
						<ACCOUNT-STATUS>Closed</ACCOUNT-STATUS>
						<DISBURSED-AMT>30,551</DISBURSED-AMT>
						<DISBURSED-DATE>24-10-2016</DISBURSED-DATE>
						<LAST-PAYMENT-DATE>02-03-2017</LAST-PAYMENT-DATE>
						<CLOSED-DATE>02-03-2017</CLOSED-DATE>
						<OVERDUE-AMT>0</OVERDUE-AMT>
						<WRITE-OFF-AMT>0</WRITE-OFF-AMT>
						<CURRENT-BAL>0</CURRENT-BAL>
						<SECURITY-STATUS>Secured</SECURITY-STATUS>
						<COMBINED-PAYMENT-HISTORY>Mar:2017,000/XXX|Feb:2017,XXX/XXX|Jan:2017,XXX/XXX|Dec:2016,XXX/XXX|Nov:2016,XXX/XXX|</COMBINED-PAYMENT-HISTORY>
						<MATCHED-TYPE>PRIMARY</MATCHED-TYPE>
						<SECURITY-DETAILS></SECURITY-DETAILS>
						<LINKED-ACCOUNTS></LINKED-ACCOUNTS>
					</LOAN-DETAILS>
				</RESPONSE>
				<RESPONSE>
					<LOAN-DETAILS>
						<ACCT-NUMBER>XXXX</ACCT-NUMBER>
						<CREDIT-GUARANTOR>XXXX</CREDIT-GUARANTOR>
						<ACCT-TYPE>Gold Loan</ACCT-TYPE>
						<DATE-REPORTED>31-10-2017</DATE-REPORTED>
						<OWNERSHIP-IND>Individual</OWNERSHIP-IND>
						<ACCOUNT-STATUS>Closed</ACCOUNT-STATUS>
						<DISBURSED-AMT>46,000</DISBURSED-AMT>
						<DISBURSED-DATE>30-07-2016</DISBURSED-DATE>
						<CLOSED-DATE>12-10-2017</CLOSED-DATE>
						<INSTALLMENT-AMT>50,701/Monthly</INSTALLMENT-AMT>
						<WRITE-OFF-AMT>0</WRITE-OFF-AMT>
						<CURRENT-BAL>0</CURRENT-BAL>
						<SECURITY-STATUS>Secured</SECURITY-STATUS>
						<PRINCIPAL-WRITE-OFF-AMT>0</PRINCIPAL-WRITE-OFF-AMT>
						<COMBINED-PAYMENT-HISTORY>Oct:2017,XXX/STD|Sep:2017,089/STD|Aug:2017,059/STD|Jul:2017,XXX/STD|Jun:2017,XXX/STD|May:2017,XXX/STD|Apr:2017,000/STD|Mar:2017,000/STD|Feb:2017,000/STD|Jan:2017,000/STD|Dec:2016,000/STD|Nov:2016,000/STD|Oct:2016,000/STD|Sep:2016,000/STD|Aug:2016,000/STD|Jul:2016,000/STD|</COMBINED-PAYMENT-HISTORY>
						<MATCHED-TYPE>PRIMARY</MATCHED-TYPE>
						<REPAYMENT-TENURE>12</REPAYMENT-TENURE>
						<SETTLEMENT-AMT>0</SETTLEMENT-AMT>
						<SECURITY-DETAILS>
							<SECURITY-DETAIL>
								<SECURITY-TYPE>Gold</SECURITY-TYPE>
								<OWNER-NAME></OWNER-NAME>
								<SECURITY-VALUE>66,036</SECURITY-VALUE>
								<DATE-OF-VALUE></DATE-OF-VALUE>
								<SECURITY-CHARGE></SECURITY-CHARGE>
								<PROPERTY-ADDRESS></PROPERTY-ADDRESS>
								<AUTOMOBILE-TYPE></AUTOMOBILE-TYPE>
								<YEAR-OF-MANUFACTURE></YEAR-OF-MANUFACTURE>
								<REGISTRATION-NUMBER></REGISTRATION-NUMBER>
								<ENGINE-NUMBER></ENGINE-NUMBER>
								<CHASSIS-NUMBER></CHASSIS-NUMBER>
							</SECURITY-DETAIL>
						</SECURITY-DETAILS>
						<LINKED-ACCOUNTS></LINKED-ACCOUNTS>
					</LOAN-DETAILS>
				</RESPONSE>
				<RESPONSE>
					<LOAN-DETAILS>
						<ACCT-NUMBER>XXXX</ACCT-NUMBER>
						<CREDIT-GUARANTOR>XXXX</CREDIT-GUARANTOR>
						<ACCT-TYPE>Gold Loan</ACCT-TYPE>
						<DATE-REPORTED>31-10-2017</DATE-REPORTED>
						<OWNERSHIP-IND>Individual</OWNERSHIP-IND>
						<ACCOUNT-STATUS>Closed</ACCOUNT-STATUS>
						<DISBURSED-AMT>91,000</DISBURSED-AMT>
						<DISBURSED-DATE>30-07-2016</DISBURSED-DATE>
						<CLOSED-DATE>12-10-2017</CLOSED-DATE>
						<INSTALLMENT-AMT>1,00,299/Monthly</INSTALLMENT-AMT>
						<WRITE-OFF-AMT>0</WRITE-OFF-AMT>
						<CURRENT-BAL>0</CURRENT-BAL>
						<SECURITY-STATUS>Secured</SECURITY-STATUS>
						<PRINCIPAL-WRITE-OFF-AMT>0</PRINCIPAL-WRITE-OFF-AMT>
						<COMBINED-PAYMENT-HISTORY>Oct:2017,XXX/STD|Sep:2017,089/STD|Aug:2017,059/STD|Jul:2017,XXX/STD|Jun:2017,XXX/STD|May:2017,XXX/STD|Apr:2017,000/STD|Mar:2017,000/STD|Feb:2017,000/STD|Jan:2017,000/STD|Dec:2016,000/STD|Nov:2016,000/STD|Oct:2016,000/STD|Sep:2016,000/STD|Aug:2016,000/STD|Jul:2016,000/STD|</COMBINED-PAYMENT-HISTORY>
						<MATCHED-TYPE>PRIMARY</MATCHED-TYPE>
						<REPAYMENT-TENURE>12</REPAYMENT-TENURE>
						<SETTLEMENT-AMT>0</SETTLEMENT-AMT>
						<SECURITY-DETAILS>
							<SECURITY-DETAIL>
								<SECURITY-TYPE>Gold</SECURITY-TYPE>
								<OWNER-NAME></OWNER-NAME>
								<SECURITY-VALUE>1,37,916</SECURITY-VALUE>
								<DATE-OF-VALUE></DATE-OF-VALUE>
								<SECURITY-CHARGE></SECURITY-CHARGE>
								<PROPERTY-ADDRESS></PROPERTY-ADDRESS>
								<AUTOMOBILE-TYPE></AUTOMOBILE-TYPE>
								<YEAR-OF-MANUFACTURE></YEAR-OF-MANUFACTURE>
								<REGISTRATION-NUMBER></REGISTRATION-NUMBER>
								<ENGINE-NUMBER></ENGINE-NUMBER>
								<CHASSIS-NUMBER></CHASSIS-NUMBER>
							</SECURITY-DETAIL>
						</SECURITY-DETAILS>
						<LINKED-ACCOUNTS></LINKED-ACCOUNTS>
					</LOAN-DETAILS>
				</RESPONSE>
				<RESPONSE>
					<LOAN-DETAILS>
						<ACCT-NUMBER>XXXX</ACCT-NUMBER>
						<CREDIT-GUARANTOR>XXXX</CREDIT-GUARANTOR>
						<ACCT-TYPE>Other</ACCT-TYPE>
						<DATE-REPORTED>28-02-2019</DATE-REPORTED>
						<OWNERSHIP-IND>Individual</OWNERSHIP-IND>
						<ACCOUNT-STATUS>Active</ACCOUNT-STATUS>
						<DISBURSED-AMT>1,799</DISBURSED-AMT>
						<DISBURSED-DATE>20-08-2017</DISBURSED-DATE>
						<LAST-PAYMENT-DATE>07-12-2017</LAST-PAYMENT-DATE>
						<OVERDUE-AMT>0</OVERDUE-AMT>
						<WRITE-OFF-AMT>0</WRITE-OFF-AMT>
						<CURRENT-BAL>0</CURRENT-BAL>
						<SECURITY-STATUS>Un-secured</SECURITY-STATUS>
						<COMBINED-PAYMENT-HISTORY>Feb:2019,000/XXX|Jan:2019,000/XXX|Dec:2018,000/XXX|Nov:2018,000/XXX|Oct:2018,000/XXX|Sep:2018,000/XXX|Aug:2018,000/XXX|Jul:2018,000/XXX|Jun:2018,000/XXX|May:2018,000/XXX|Apr:2018,000/XXX|Mar:2018,000/XXX|Feb:2018,000/XXX|Jan:2018,000/XXX|Dec:2017,000/XXX|Nov:2017,000/XXX|Oct:2017,000/XXX|Sep:2017,000/XXX|Aug:2017,000/XXX|</COMBINED-PAYMENT-HISTORY>
						<MATCHED-TYPE>PRIMARY</MATCHED-TYPE>
						<SECURITY-DETAILS></SECURITY-DETAILS>
						<LINKED-ACCOUNTS></LINKED-ACCOUNTS>
					</LOAN-DETAILS>
				</RESPONSE>
				<RESPONSE>
					<LOAN-DETAILS>
						<ACCT-NUMBER>XXXX</ACCT-NUMBER>
						<CREDIT-GUARANTOR>XXXX</CREDIT-GUARANTOR>
						<ACCT-TYPE>Personal Loan</ACCT-TYPE>
						<DATE-REPORTED>28-02-2019</DATE-REPORTED>
						<OWNERSHIP-IND>Individual</OWNERSHIP-IND>
						<ACCOUNT-STATUS>Closed</ACCOUNT-STATUS>
						<DISBURSED-AMT>3,500</DISBURSED-AMT>
						<DISBURSED-DATE>28-11-2018</DISBURSED-DATE>
						<CLOSED-DATE>24-01-2019</CLOSED-DATE>
						<INSTALLMENT-AMT>0</INSTALLMENT-AMT>
						<OVERDUE-AMT>0</OVERDUE-AMT>
						<WRITE-OFF-AMT>0</WRITE-OFF-AMT>
						<CURRENT-BAL>0</CURRENT-BAL>
						<SECURITY-STATUS>Un-secured</SECURITY-STATUS>
						<COMBINED-PAYMENT-HISTORY>Jan:2019,000/XXX|Dec:2018,000/XXX|Nov:2018,000/XXX|</COMBINED-PAYMENT-HISTORY>
						<MATCHED-TYPE>PRIMARY</MATCHED-TYPE>
						<SECURITY-DETAILS>
							<SECURITY-DETAIL>
								<SECURITY-TYPE>No Collateral</SECURITY-TYPE>
								<OWNER-NAME></OWNER-NAME>
								<SECURITY-VALUE>0</SECURITY-VALUE>
								<DATE-OF-VALUE></DATE-OF-VALUE>
								<SECURITY-CHARGE></SECURITY-CHARGE>
								<PROPERTY-ADDRESS></PROPERTY-ADDRESS>
								<AUTOMOBILE-TYPE></AUTOMOBILE-TYPE>
								<YEAR-OF-MANUFACTURE></YEAR-OF-MANUFACTURE>
								<REGISTRATION-NUMBER></REGISTRATION-NUMBER>
								<ENGINE-NUMBER></ENGINE-NUMBER>
								<CHASSIS-NUMBER></CHASSIS-NUMBER>
							</SECURITY-DETAIL>
						</SECURITY-DETAILS>
						<LINKED-ACCOUNTS></LINKED-ACCOUNTS>
					</LOAN-DETAILS>
				</RESPONSE>
				<RESPONSE>
					<LOAN-DETAILS>
						<ACCT-NUMBER>XXXX</ACCT-NUMBER>
						<CREDIT-GUARANTOR>XXXX</CREDIT-GUARANTOR>
						<ACCT-TYPE>Gold Loan</ACCT-TYPE>
						<DATE-REPORTED>28-02-2014</DATE-REPORTED>
						<OWNERSHIP-IND>Individual</OWNERSHIP-IND>
						<ACCOUNT-STATUS>Closed</ACCOUNT-STATUS>
						<DISBURSED-AMT>1,14,000</DISBURSED-AMT>
						<DISBURSED-DATE>13-05-2013</DISBURSED-DATE>
						<CLOSED-DATE>06-02-2014</CLOSED-DATE>
						<WRITE-OFF-AMT>0</WRITE-OFF-AMT>
						<CURRENT-BAL>0</CURRENT-BAL>
						<SECURITY-STATUS>Secured</SECURITY-STATUS>
						<COMBINED-PAYMENT-HISTORY>Feb:2014,XXX/STD|Jan:2014,000/STD|Dec:2013,000/STD|Nov:2013,000/STD|Oct:2013,000/STD|Sep:2013,XXX/STD|Aug:2013,DDD/DDD|Jul:2013,XXX/STD|Jun:2013,XXX/STD|May:2013,XXX/STD|</COMBINED-PAYMENT-HISTORY>
						<MATCHED-TYPE>PRIMARY</MATCHED-TYPE>
						<SECURITY-DETAILS></SECURITY-DETAILS>
						<LINKED-ACCOUNTS></LINKED-ACCOUNTS>
					</LOAN-DETAILS>
				</RESPONSE>
				<RESPONSE>
					<LOAN-DETAILS>
						<ACCT-NUMBER>XXXX</ACCT-NUMBER>
						<CREDIT-GUARANTOR>XXXX</CREDIT-GUARANTOR>
						<ACCT-TYPE>Other</ACCT-TYPE>
						<DATE-REPORTED>28-02-2019</DATE-REPORTED>
						<OWNERSHIP-IND>Individual</OWNERSHIP-IND>
						<ACCOUNT-STATUS>Active</ACCOUNT-STATUS>
						<DISBURSED-AMT>1,979</DISBURSED-AMT>
						<DISBURSED-DATE>10-11-2018</DISBURSED-DATE>
						<LAST-PAYMENT-DATE>02-02-2019</LAST-PAYMENT-DATE>
						<OVERDUE-AMT>0</OVERDUE-AMT>
						<WRITE-OFF-AMT>0</WRITE-OFF-AMT>
						<CURRENT-BAL>989</CURRENT-BAL>
						<SECURITY-STATUS>Un-secured</SECURITY-STATUS>
						<COMBINED-PAYMENT-HISTORY>Feb:2019,000/XXX|Jan:2019,000/XXX|Dec:2018,000/XXX|Nov:2018,000/XXX|</COMBINED-PAYMENT-HISTORY>
						<MATCHED-TYPE>PRIMARY</MATCHED-TYPE>
						<SECURITY-DETAILS></SECURITY-DETAILS>
						<LINKED-ACCOUNTS></LINKED-ACCOUNTS>
					</LOAN-DETAILS>
				</RESPONSE>
				<RESPONSE>
					<LOAN-DETAILS>
						<ACCT-NUMBER>XXXX</ACCT-NUMBER>
						<CREDIT-GUARANTOR>XXXX</CREDIT-GUARANTOR>
						<ACCT-TYPE>Gold Loan</ACCT-TYPE>
						<DATE-REPORTED>31-07-2016</DATE-REPORTED>
						<OWNERSHIP-IND>Individual</OWNERSHIP-IND>
						<ACCOUNT-STATUS>Closed</ACCOUNT-STATUS>
						<DISBURSED-AMT>39,000</DISBURSED-AMT>
						<DISBURSED-DATE>16-06-2015</DISBURSED-DATE>
						<LAST-PAYMENT-DATE>17-06-2015</LAST-PAYMENT-DATE>
						<CLOSED-DATE>30-07-2016</CLOSED-DATE>
						<WRITE-OFF-AMT>0</WRITE-OFF-AMT>
						<CURRENT-BAL>0</CURRENT-BAL>
						<SECURITY-STATUS>Secured</SECURITY-STATUS>
						<COMBINED-PAYMENT-HISTORY>Jul:2016,XXX/STD|Jun:2016,031/STD|May:2016,001/STD|Apr:2016,000/STD|Mar:2016,000/STD|Feb:2016,000/STD|Jan:2016,000/STD|Dec:2015,000/STD|Nov:2015,000/STD|Oct:2015,000/STD|Sep:2015,000/STD|Aug:2015,000/STD|Jul:2015,000/STD|Jun:2015,000/STD|</COMBINED-PAYMENT-HISTORY>
						<MATCHED-TYPE>PRIMARY</MATCHED-TYPE>
						<SUIT-FILED_WILFUL-DEFAULT>No Suit filed</SUIT-FILED_WILFUL-DEFAULT>
						<SECURITY-DETAILS></SECURITY-DETAILS>
						<LINKED-ACCOUNTS>
							<ACCOUNT-DETAILS>
								<ACCT-NUMBER>XXXX</ACCT-NUMBER>
								<CREDIT-GUARANTOR>XXXX</CREDIT-GUARANTOR>
								<ACCT-TYPE>Gold Loan</ACCT-TYPE>
								<DATE-REPORTED>30-06-2016</DATE-REPORTED>
								<OWNERSHIP-IND>Individual</OWNERSHIP-IND>
								<ACCOUNT-STATUS>Delinquent</ACCOUNT-STATUS>
								<DISBURSED-AMT>39,000</DISBURSED-AMT>
								<DISBURSED-DATE>16-06-2015</DISBURSED-DATE>
								<LAST-PAYMENT-DATE>17-06-2015</LAST-PAYMENT-DATE>
								<OVERDUE-AMT>43,811</OVERDUE-AMT>
								<CURRENT-BAL>43,814</CURRENT-BAL>
								<SECURITY-DETAILS></SECURITY-DETAILS>
							</ACCOUNT-DETAILS>
						</LINKED-ACCOUNTS>
					</LOAN-DETAILS>
				</RESPONSE>
				<RESPONSE>
					<LOAN-DETAILS>
						<ACCT-NUMBER>XXXX</ACCT-NUMBER>
						<CREDIT-GUARANTOR>XXXX</CREDIT-GUARANTOR>
						<ACCT-TYPE>Personal Loan</ACCT-TYPE>
						<DATE-REPORTED>28-02-2019</DATE-REPORTED>
						<OWNERSHIP-IND>Individual</OWNERSHIP-IND>
						<ACCOUNT-STATUS>Closed</ACCOUNT-STATUS>
						<DISBURSED-AMT>3,500</DISBURSED-AMT>
						<DISBURSED-DATE>19-12-2018</DISBURSED-DATE>
						<CLOSED-DATE>24-01-2019</CLOSED-DATE>
						<INSTALLMENT-AMT>0</INSTALLMENT-AMT>
						<OVERDUE-AMT>0</OVERDUE-AMT>
						<WRITE-OFF-AMT>0</WRITE-OFF-AMT>
						<CURRENT-BAL>0</CURRENT-BAL>
						<SECURITY-STATUS>Un-secured</SECURITY-STATUS>
						<COMBINED-PAYMENT-HISTORY>Jan:2019,000/XXX|Dec:2018,000/XXX|</COMBINED-PAYMENT-HISTORY>
						<MATCHED-TYPE>PRIMARY</MATCHED-TYPE>
						<SECURITY-DETAILS>
							<SECURITY-DETAIL>
								<SECURITY-TYPE>No Collateral</SECURITY-TYPE>
								<OWNER-NAME></OWNER-NAME>
								<SECURITY-VALUE>0</SECURITY-VALUE>
								<DATE-OF-VALUE></DATE-OF-VALUE>
								<SECURITY-CHARGE></SECURITY-CHARGE>
								<PROPERTY-ADDRESS></PROPERTY-ADDRESS>
								<AUTOMOBILE-TYPE></AUTOMOBILE-TYPE>
								<YEAR-OF-MANUFACTURE></YEAR-OF-MANUFACTURE>
								<REGISTRATION-NUMBER></REGISTRATION-NUMBER>
								<ENGINE-NUMBER></ENGINE-NUMBER>
								<CHASSIS-NUMBER></CHASSIS-NUMBER>
							</SECURITY-DETAIL>
						</SECURITY-DETAILS>
						<LINKED-ACCOUNTS></LINKED-ACCOUNTS>
					</LOAN-DETAILS>
				</RESPONSE>
				<RESPONSE>
					<LOAN-DETAILS>
						<ACCT-NUMBER>XXXX</ACCT-NUMBER>
						<CREDIT-GUARANTOR>XXXX</CREDIT-GUARANTOR>
						<ACCT-TYPE>Personal Loan</ACCT-TYPE>
						<DATE-REPORTED>28-02-2019</DATE-REPORTED>
						<OWNERSHIP-IND>Individual</OWNERSHIP-IND>
						<ACCOUNT-STATUS>Closed</ACCOUNT-STATUS>
						<DISBURSED-AMT>3,500</DISBURSED-AMT>
						<DISBURSED-DATE>07-12-2018</DISBURSED-DATE>
						<CLOSED-DATE>24-01-2019</CLOSED-DATE>
						<INSTALLMENT-AMT>0</INSTALLMENT-AMT>
						<OVERDUE-AMT>0</OVERDUE-AMT>
						<WRITE-OFF-AMT>0</WRITE-OFF-AMT>
						<CURRENT-BAL>0</CURRENT-BAL>
						<SECURITY-STATUS>Un-secured</SECURITY-STATUS>
						<COMBINED-PAYMENT-HISTORY>Jan:2019,000/XXX|Dec:2018,000/XXX|</COMBINED-PAYMENT-HISTORY>
						<MATCHED-TYPE>PRIMARY</MATCHED-TYPE>
						<SECURITY-DETAILS>
							<SECURITY-DETAIL>
								<SECURITY-TYPE>No Collateral</SECURITY-TYPE>
								<OWNER-NAME></OWNER-NAME>
								<SECURITY-VALUE>0</SECURITY-VALUE>
								<DATE-OF-VALUE></DATE-OF-VALUE>
								<SECURITY-CHARGE></SECURITY-CHARGE>
								<PROPERTY-ADDRESS></PROPERTY-ADDRESS>
								<AUTOMOBILE-TYPE></AUTOMOBILE-TYPE>
								<YEAR-OF-MANUFACTURE></YEAR-OF-MANUFACTURE>
								<REGISTRATION-NUMBER></REGISTRATION-NUMBER>
								<ENGINE-NUMBER></ENGINE-NUMBER>
								<CHASSIS-NUMBER></CHASSIS-NUMBER>
							</SECURITY-DETAIL>
						</SECURITY-DETAILS>
						<LINKED-ACCOUNTS></LINKED-ACCOUNTS>
					</LOAN-DETAILS>
				</RESPONSE>
				<RESPONSE>
					<LOAN-DETAILS>
						<ACCT-NUMBER>XXXX</ACCT-NUMBER>
						<CREDIT-GUARANTOR>XXXX</CREDIT-GUARANTOR>
						<ACCT-TYPE>Gold Loan</ACCT-TYPE>
						<DATE-REPORTED>31-07-2017</DATE-REPORTED>
						<OWNERSHIP-IND>Individual</OWNERSHIP-IND>
						<ACCOUNT-STATUS>Closed</ACCOUNT-STATUS>
						<DISBURSED-AMT>30,200</DISBURSED-AMT>
						<DISBURSED-DATE>02-03-2017</DISBURSED-DATE>
						<LAST-PAYMENT-DATE>18-07-2017</LAST-PAYMENT-DATE>
						<CLOSED-DATE>18-07-2017</CLOSED-DATE>
						<OVERDUE-AMT>0</OVERDUE-AMT>
						<WRITE-OFF-AMT>0</WRITE-OFF-AMT>
						<CURRENT-BAL>0</CURRENT-BAL>
						<SECURITY-STATUS>Secured</SECURITY-STATUS>
						<COMBINED-PAYMENT-HISTORY>Jul:2017,000/XXX|Jun:2017,000/STD|May:2017,000/STD|Apr:2017,XXX/XXX|</COMBINED-PAYMENT-HISTORY>
						<MATCHED-TYPE>PRIMARY</MATCHED-TYPE>
						<SECURITY-DETAILS></SECURITY-DETAILS>
						<LINKED-ACCOUNTS></LINKED-ACCOUNTS>
					</LOAN-DETAILS>
				</RESPONSE>
				<RESPONSE>
					<LOAN-DETAILS>
						<ACCT-NUMBER>XXXX</ACCT-NUMBER>
						<CREDIT-GUARANTOR>XXXX</CREDIT-GUARANTOR>
						<ACCT-TYPE>Consumer Loan</ACCT-TYPE>
						<DATE-REPORTED>28-02-2019</DATE-REPORTED>
						<OWNERSHIP-IND>Individual</OWNERSHIP-IND>
						<ACCOUNT-STATUS>Closed</ACCOUNT-STATUS>
						<DISBURSED-AMT>37,999</DISBURSED-AMT>
						<DISBURSED-DATE>15-11-2018</DISBURSED-DATE>
						<LAST-PAYMENT-DATE>24-02-2019</LAST-PAYMENT-DATE>
						<CLOSED-DATE>24-02-2019</CLOSED-DATE>
						<OVERDUE-AMT>0</OVERDUE-AMT>
						<WRITE-OFF-AMT>0</WRITE-OFF-AMT>
						<CURRENT-BAL>0</CURRENT-BAL>
						<SECURITY-STATUS>Un-secured</SECURITY-STATUS>
						<COMBINED-PAYMENT-HISTORY>Feb:2019,000/XXX|Jan:2019,000/XXX|Dec:2018,000/XXX|Nov:2018,000/XXX|</COMBINED-PAYMENT-HISTORY>
						<MATCHED-TYPE>PRIMARY</MATCHED-TYPE>
						<SECURITY-DETAILS></SECURITY-DETAILS>
						<LINKED-ACCOUNTS></LINKED-ACCOUNTS>
					</LOAN-DETAILS>
				</RESPONSE>
				<RESPONSE>
					<LOAN-DETAILS>
						<ACCT-NUMBER>XXXX</ACCT-NUMBER>
						<CREDIT-GUARANTOR>XXXX</CREDIT-GUARANTOR>
						<ACCT-TYPE>Personal Loan</ACCT-TYPE>
						<DATE-REPORTED>28-02-2019</DATE-REPORTED>
						<OWNERSHIP-IND>Individual</OWNERSHIP-IND>
						<ACCOUNT-STATUS>Active</ACCOUNT-STATUS>
						<DISBURSED-AMT>5,000</DISBURSED-AMT>
						<DISBURSED-DATE>25-01-2019</DISBURSED-DATE>
						<INSTALLMENT-AMT>0</INSTALLMENT-AMT>
						<OVERDUE-AMT>0</OVERDUE-AMT>
						<WRITE-OFF-AMT>0</WRITE-OFF-AMT>
						<CURRENT-BAL>0</CURRENT-BAL>
						<SECURITY-STATUS>Un-secured</SECURITY-STATUS>
						<COMBINED-PAYMENT-HISTORY>Feb:2019,000/XXX|</COMBINED-PAYMENT-HISTORY>
						<MATCHED-TYPE>PRIMARY</MATCHED-TYPE>
						<ACTUAL-PAYMENT>5,074</ACTUAL-PAYMENT>
						<SECURITY-DETAILS>
							<SECURITY-DETAIL>
								<SECURITY-TYPE>No Collateral</SECURITY-TYPE>
								<OWNER-NAME></OWNER-NAME>
								<SECURITY-VALUE>0</SECURITY-VALUE>
								<DATE-OF-VALUE></DATE-OF-VALUE>
								<SECURITY-CHARGE></SECURITY-CHARGE>
								<PROPERTY-ADDRESS></PROPERTY-ADDRESS>
								<AUTOMOBILE-TYPE></AUTOMOBILE-TYPE>
								<YEAR-OF-MANUFACTURE></YEAR-OF-MANUFACTURE>
								<REGISTRATION-NUMBER></REGISTRATION-NUMBER>
								<ENGINE-NUMBER></ENGINE-NUMBER>
								<CHASSIS-NUMBER></CHASSIS-NUMBER>
							</SECURITY-DETAIL>
						</SECURITY-DETAILS>
						<LINKED-ACCOUNTS></LINKED-ACCOUNTS>
					</LOAN-DETAILS>
				</RESPONSE>
				<RESPONSE>
					<LOAN-DETAILS>
						<ACCT-NUMBER>XXXX</ACCT-NUMBER>
						<CREDIT-GUARANTOR>XXXX</CREDIT-GUARANTOR>
						<ACCT-TYPE>Consumer Loan</ACCT-TYPE>
						<DATE-REPORTED>31-10-2018</DATE-REPORTED>
						<OWNERSHIP-IND>Individual</OWNERSHIP-IND>
						<ACCOUNT-STATUS>Active</ACCOUNT-STATUS>
						<DISBURSED-AMT>9,484</DISBURSED-AMT>
						<DISBURSED-DATE>13-08-2018</DISBURSED-DATE>
						<OVERDUE-AMT>0</OVERDUE-AMT>
						<WRITE-OFF-AMT>0</WRITE-OFF-AMT>
						<CURRENT-BAL>8,252</CURRENT-BAL>
						<CREDIT-LIMIT>9,484</CREDIT-LIMIT>
						<SECURITY-STATUS>Un-secured</SECURITY-STATUS>
						<COMBINED-PAYMENT-HISTORY>Oct:2018,XXX/STD|Sep:2018,XXX/STD|Aug:2018,XXX/STD|</COMBINED-PAYMENT-HISTORY>
						<MATCHED-TYPE>PRIMARY</MATCHED-TYPE>
						<CASH-LIMIT>9,484</CASH-LIMIT>
						<SECURITY-DETAILS></SECURITY-DETAILS>
						<LINKED-ACCOUNTS></LINKED-ACCOUNTS>
					</LOAN-DETAILS>
				</RESPONSE>
				<RESPONSE>
					<LOAN-DETAILS>
						<ACCT-NUMBER>XXXX</ACCT-NUMBER>
						<CREDIT-GUARANTOR>XXXX</CREDIT-GUARANTOR>
						<ACCT-TYPE>Gold Loan</ACCT-TYPE>
						<DATE-REPORTED>29-02-2016</DATE-REPORTED>
						<OWNERSHIP-IND>Individual</OWNERSHIP-IND>
						<ACCOUNT-STATUS>Closed</ACCOUNT-STATUS>
						<DISBURSED-AMT>9,000</DISBURSED-AMT>
						<DISBURSED-DATE>06-05-2015</DISBURSED-DATE>
						<LAST-PAYMENT-DATE>03-02-2016</LAST-PAYMENT-DATE>
						<CLOSED-DATE>03-02-2016</CLOSED-DATE>
						<OVERDUE-AMT>0</OVERDUE-AMT>
						<WRITE-OFF-AMT>0</WRITE-OFF-AMT>
						<CURRENT-BAL>0</CURRENT-BAL>
						<SECURITY-STATUS>Secured</SECURITY-STATUS>
						<COMBINED-PAYMENT-HISTORY>Feb:2016,000/XXX|Jan:2016,XXX/XXX|Dec:2015,XXX/XXX|Nov:2015,XXX/XXX|Oct:2015,XXX/XXX|Sep:2015,XXX/XXX|Aug:2015,XXX/XXX|Jul:2015,XXX/XXX|Jun:2015,XXX/XXX|</COMBINED-PAYMENT-HISTORY>
						<MATCHED-TYPE>PRIMARY</MATCHED-TYPE>
						<SECURITY-DETAILS></SECURITY-DETAILS>
						<LINKED-ACCOUNTS></LINKED-ACCOUNTS>
					</LOAN-DETAILS>
				</RESPONSE>
				<RESPONSE>
					<LOAN-DETAILS>
						<ACCT-NUMBER>XXXX</ACCT-NUMBER>
						<CREDIT-GUARANTOR>XXXX</CREDIT-GUARANTOR>
						<ACCT-TYPE>Consumer Loan</ACCT-TYPE>
						<DATE-REPORTED>28-02-2019</DATE-REPORTED>
						<OWNERSHIP-IND>Individual</OWNERSHIP-IND>
						<ACCOUNT-STATUS>Active</ACCOUNT-STATUS>
						<DISBURSED-AMT>16,500</DISBURSED-AMT>
						<DISBURSED-DATE>20-08-2017</DISBURSED-DATE>
						<LAST-PAYMENT-DATE>28-11-2018</LAST-PAYMENT-DATE>
						<OVERDUE-AMT>0</OVERDUE-AMT>
						<WRITE-OFF-AMT>0</WRITE-OFF-AMT>
						<CURRENT-BAL>0</CURRENT-BAL>
						<SECURITY-STATUS>Un-secured</SECURITY-STATUS>
						<COMBINED-PAYMENT-HISTORY>Feb:2019,000/XXX|Jan:2019,000/XXX|Dec:2018,000/XXX|Nov:2018,000/XXX|Oct:2018,000/XXX|Sep:2018,000/XXX|Aug:2018,000/XXX|Jul:2018,000/XXX|Jun:2018,000/XXX|May:2018,000/XXX|Apr:2018,000/XXX|Mar:2018,000/XXX|Feb:2018,000/XXX|Jan:2018,000/XXX|Dec:2017,000/XXX|Nov:2017,000/XXX|Oct:2017,000/XXX|Sep:2017,000/XXX|</COMBINED-PAYMENT-HISTORY>
						<MATCHED-TYPE>PRIMARY</MATCHED-TYPE>
						<SECURITY-DETAILS></SECURITY-DETAILS>
						<LINKED-ACCOUNTS></LINKED-ACCOUNTS>
					</LOAN-DETAILS>
				</RESPONSE>
				<RESPONSE>
					<LOAN-DETAILS>
						<ACCT-NUMBER>XXXX</ACCT-NUMBER>
						<CREDIT-GUARANTOR>XXXX</CREDIT-GUARANTOR>
						<ACCT-TYPE>Gold Loan</ACCT-TYPE>
						<DATE-REPORTED>31-01-2018</DATE-REPORTED>
						<OWNERSHIP-IND>Individual</OWNERSHIP-IND>
						<ACCOUNT-STATUS>Closed</ACCOUNT-STATUS>
						<DISBURSED-AMT>29,575</DISBURSED-AMT>
						<DISBURSED-DATE>18-07-2017</DISBURSED-DATE>
						<LAST-PAYMENT-DATE>30-01-2018</LAST-PAYMENT-DATE>
						<CLOSED-DATE>30-01-2018</CLOSED-DATE>
						<OVERDUE-AMT>0</OVERDUE-AMT>
						<WRITE-OFF-AMT>0</WRITE-OFF-AMT>
						<CURRENT-BAL>0</CURRENT-BAL>
						<SECURITY-STATUS>Secured</SECURITY-STATUS>
						<COMBINED-PAYMENT-HISTORY>Jan:2018,000/XXX|Dec:2017,077/XXX|Nov:2017,000/STD|Oct:2017,000/STD|Sep:2017,000/STD|Aug:2017,000/STD|Jul:2017,000/STD|</COMBINED-PAYMENT-HISTORY>
						<MATCHED-TYPE>PRIMARY</MATCHED-TYPE>
						<SECURITY-DETAILS></SECURITY-DETAILS>
						<LINKED-ACCOUNTS></LINKED-ACCOUNTS>
					</LOAN-DETAILS>
				</RESPONSE>
				<RESPONSE>
					<LOAN-DETAILS>
						<ACCT-NUMBER>XXXX</ACCT-NUMBER>
						<CREDIT-GUARANTOR>XXXX</CREDIT-GUARANTOR>
						<ACCT-TYPE>Personal Loan</ACCT-TYPE>
						<DATE-REPORTED>31-01-2019</DATE-REPORTED>
						<OWNERSHIP-IND>Individual</OWNERSHIP-IND>
						<ACCOUNT-STATUS>Closed</ACCOUNT-STATUS>
						<DISBURSED-AMT>5,000</DISBURSED-AMT>
						<DISBURSED-DATE>14-01-2019</DISBURSED-DATE>
						<LAST-PAYMENT-DATE>25-01-2019</LAST-PAYMENT-DATE>
						<CLOSED-DATE>25-01-2019</CLOSED-DATE>
						<OVERDUE-AMT>0</OVERDUE-AMT>
						<WRITE-OFF-AMT>0</WRITE-OFF-AMT>
						<CURRENT-BAL>0</CURRENT-BAL>
						<SECURITY-STATUS>Un-secured</SECURITY-STATUS>
						<COMBINED-PAYMENT-HISTORY>Jan:2019,000/STD|</COMBINED-PAYMENT-HISTORY>
						<MATCHED-TYPE>PRIMARY</MATCHED-TYPE>
						<SECURITY-DETAILS></SECURITY-DETAILS>
						<LINKED-ACCOUNTS></LINKED-ACCOUNTS>
					</LOAN-DETAILS>
				</RESPONSE>
				<RESPONSE>
					<LOAN-DETAILS>
						<ACCT-NUMBER>XXXX</ACCT-NUMBER>
						<CREDIT-GUARANTOR>XXXX</CREDIT-GUARANTOR>
						<ACCT-TYPE>Personal Loan</ACCT-TYPE>
						<DATE-REPORTED>28-02-2019</DATE-REPORTED>
						<OWNERSHIP-IND>Individual</OWNERSHIP-IND>
						<ACCOUNT-STATUS>Closed</ACCOUNT-STATUS>
						<DISBURSED-AMT>3,500</DISBURSED-AMT>
						<DISBURSED-DATE>18-11-2018</DISBURSED-DATE>
						<CLOSED-DATE>24-01-2019</CLOSED-DATE>
						<INSTALLMENT-AMT>0</INSTALLMENT-AMT>
						<OVERDUE-AMT>0</OVERDUE-AMT>
						<WRITE-OFF-AMT>0</WRITE-OFF-AMT>
						<CURRENT-BAL>0</CURRENT-BAL>
						<SECURITY-STATUS>Un-secured</SECURITY-STATUS>
						<COMBINED-PAYMENT-HISTORY>Jan:2019,000/XXX|Dec:2018,000/XXX|Nov:2018,000/XXX|</COMBINED-PAYMENT-HISTORY>
						<MATCHED-TYPE>PRIMARY</MATCHED-TYPE>
						<SECURITY-DETAILS>
							<SECURITY-DETAIL>
								<SECURITY-TYPE>No Collateral</SECURITY-TYPE>
								<OWNER-NAME></OWNER-NAME>
								<SECURITY-VALUE>0</SECURITY-VALUE>
								<DATE-OF-VALUE></DATE-OF-VALUE>
								<SECURITY-CHARGE></SECURITY-CHARGE>
								<PROPERTY-ADDRESS></PROPERTY-ADDRESS>
								<AUTOMOBILE-TYPE></AUTOMOBILE-TYPE>
								<YEAR-OF-MANUFACTURE></YEAR-OF-MANUFACTURE>
								<REGISTRATION-NUMBER></REGISTRATION-NUMBER>
								<ENGINE-NUMBER></ENGINE-NUMBER>
								<CHASSIS-NUMBER></CHASSIS-NUMBER>
							</SECURITY-DETAIL>
						</SECURITY-DETAILS>
						<LINKED-ACCOUNTS></LINKED-ACCOUNTS>
					</LOAN-DETAILS>
				</RESPONSE>
				<RESPONSE>
					<LOAN-DETAILS>
						<ACCT-NUMBER>XXXX</ACCT-NUMBER>
						<CREDIT-GUARANTOR>XXXX</CREDIT-GUARANTOR>
						<ACCT-TYPE>Gold Loan</ACCT-TYPE>
						<DATE-REPORTED>30-06-2016</DATE-REPORTED>
						<OWNERSHIP-IND>Individual</OWNERSHIP-IND>
						<ACCOUNT-STATUS>Closed</ACCOUNT-STATUS>
						<DISBURSED-AMT>8,800</DISBURSED-AMT>
						<DISBURSED-DATE>03-02-2016</DISBURSED-DATE>
						<LAST-PAYMENT-DATE>06-06-2016</LAST-PAYMENT-DATE>
						<CLOSED-DATE>06-06-2016</CLOSED-DATE>
						<OVERDUE-AMT>0</OVERDUE-AMT>
						<WRITE-OFF-AMT>0</WRITE-OFF-AMT>
						<CURRENT-BAL>0</CURRENT-BAL>
						<SECURITY-STATUS>Secured</SECURITY-STATUS>
						<COMBINED-PAYMENT-HISTORY>Jun:2016,000/XXX|May:2016,XXX/XXX|Apr:2016,XXX/XXX|Mar:2016,XXX/XXX|</COMBINED-PAYMENT-HISTORY>
						<MATCHED-TYPE>PRIMARY</MATCHED-TYPE>
						<SECURITY-DETAILS></SECURITY-DETAILS>
						<LINKED-ACCOUNTS></LINKED-ACCOUNTS>
					</LOAN-DETAILS>
				</RESPONSE>
				<RESPONSE>
					<LOAN-DETAILS>
						<ACCT-NUMBER>XXXX</ACCT-NUMBER>
						<CREDIT-GUARANTOR>XXXX</CREDIT-GUARANTOR>
						<ACCT-TYPE>Gold Loan</ACCT-TYPE>
						<DATE-REPORTED>31-07-2016</DATE-REPORTED>
						<OWNERSHIP-IND>Individual</OWNERSHIP-IND>
						<ACCOUNT-STATUS>Closed</ACCOUNT-STATUS>
						<DISBURSED-AMT>80,000</DISBURSED-AMT>
						<DISBURSED-DATE>22-06-2015</DISBURSED-DATE>
						<LAST-PAYMENT-DATE>22-06-2015</LAST-PAYMENT-DATE>
						<CLOSED-DATE>30-07-2016</CLOSED-DATE>
						<WRITE-OFF-AMT>0</WRITE-OFF-AMT>
						<CURRENT-BAL>0</CURRENT-BAL>
						<SECURITY-STATUS>Secured</SECURITY-STATUS>
						<COMBINED-PAYMENT-HISTORY>Jul:2016,XXX/STD|Jun:2016,031/STD|May:2016,001/STD|Apr:2016,000/STD|Mar:2016,000/STD|Feb:2016,000/STD|Jan:2016,000/STD|Dec:2015,000/STD|Nov:2015,000/STD|Oct:2015,000/STD|Sep:2015,000/STD|Aug:2015,000/STD|Jul:2015,000/STD|Jun:2015,000/STD|</COMBINED-PAYMENT-HISTORY>
						<MATCHED-TYPE>PRIMARY</MATCHED-TYPE>
						<SUIT-FILED_WILFUL-DEFAULT>No Suit filed</SUIT-FILED_WILFUL-DEFAULT>
						<SECURITY-DETAILS></SECURITY-DETAILS>
						<LINKED-ACCOUNTS>
							<ACCOUNT-DETAILS>
								<ACCT-NUMBER>XXXX</ACCT-NUMBER>
								<CREDIT-GUARANTOR>XXXX</CREDIT-GUARANTOR>
								<ACCT-TYPE>Gold Loan</ACCT-TYPE>
								<DATE-REPORTED>30-06-2016</DATE-REPORTED>
								<OWNERSHIP-IND>Individual</OWNERSHIP-IND>
								<ACCOUNT-STATUS>Delinquent</ACCOUNT-STATUS>
								<DISBURSED-AMT>80,000</DISBURSED-AMT>
								<DISBURSED-DATE>22-06-2015</DISBURSED-DATE>
								<LAST-PAYMENT-DATE>22-06-2015</LAST-PAYMENT-DATE>
								<OVERDUE-AMT>89,706</OVERDUE-AMT>
								<CURRENT-BAL>89,706</CURRENT-BAL>
								<SECURITY-DETAILS></SECURITY-DETAILS>
							</ACCOUNT-DETAILS>
						</LINKED-ACCOUNTS>
					</LOAN-DETAILS>
				</RESPONSE>
				<RESPONSE>
					<LOAN-DETAILS>
						<ACCT-NUMBER>XXXX</ACCT-NUMBER>
						<CREDIT-GUARANTOR>XXXX</CREDIT-GUARANTOR>
						<ACCT-TYPE>Consumer Loan</ACCT-TYPE>
						<DATE-REPORTED>28-02-2019</DATE-REPORTED>
						<OWNERSHIP-IND>Individual</OWNERSHIP-IND>
						<ACCOUNT-STATUS>Closed</ACCOUNT-STATUS>
						<DISBURSED-AMT>24,240</DISBURSED-AMT>
						<DISBURSED-DATE>24-10-2017</DISBURSED-DATE>
						<LAST-PAYMENT-DATE>02-08-2018</LAST-PAYMENT-DATE>
						<CLOSED-DATE>08-09-2018</CLOSED-DATE>
						<OVERDUE-AMT>0</OVERDUE-AMT>
						<WRITE-OFF-AMT>0</WRITE-OFF-AMT>
						<CURRENT-BAL>0</CURRENT-BAL>
						<SECURITY-STATUS>Un-secured</SECURITY-STATUS>
						<COMBINED-PAYMENT-HISTORY>Sep:2018,000/XXX|Aug:2018,000/XXX|Jul:2018,000/XXX|Jun:2018,000/XXX|May:2018,000/XXX|Apr:2018,000/XXX|Mar:2018,000/XXX|Feb:2018,000/XXX|Jan:2018,000/XXX|Dec:2017,000/XXX|Nov:2017,000/XXX|Oct:2017,000/XXX|</COMBINED-PAYMENT-HISTORY>
						<MATCHED-TYPE>PRIMARY</MATCHED-TYPE>
						<SECURITY-DETAILS></SECURITY-DETAILS>
						<LINKED-ACCOUNTS></LINKED-ACCOUNTS>
					</LOAN-DETAILS>
				</RESPONSE>
				<RESPONSE>
					<LOAN-DETAILS>
						<ACCT-NUMBER>XXXX</ACCT-NUMBER>
						<CREDIT-GUARANTOR>XXXX</CREDIT-GUARANTOR>
						<ACCT-TYPE>Personal Loan</ACCT-TYPE>
						<DATE-REPORTED>28-02-2019</DATE-REPORTED>
						<OWNERSHIP-IND>Individual</OWNERSHIP-IND>
						<ACCOUNT-STATUS>Active</ACCOUNT-STATUS>
						<DISBURSED-AMT>5,000</DISBURSED-AMT>
						<DISBURSED-DATE>05-02-2019</DISBURSED-DATE>
						<INSTALLMENT-AMT>0</INSTALLMENT-AMT>
						<OVERDUE-AMT>0</OVERDUE-AMT>
						<WRITE-OFF-AMT>0</WRITE-OFF-AMT>
						<CURRENT-BAL>0</CURRENT-BAL>
						<SECURITY-STATUS>Un-secured</SECURITY-STATUS>
						<COMBINED-PAYMENT-HISTORY>Feb:2019,000/XXX|</COMBINED-PAYMENT-HISTORY>
						<MATCHED-TYPE>PRIMARY</MATCHED-TYPE>
						<ACTUAL-PAYMENT>5,074</ACTUAL-PAYMENT>
						<SECURITY-DETAILS>
							<SECURITY-DETAIL>
								<SECURITY-TYPE>No Collateral</SECURITY-TYPE>
								<OWNER-NAME></OWNER-NAME>
								<SECURITY-VALUE>0</SECURITY-VALUE>
								<DATE-OF-VALUE></DATE-OF-VALUE>
								<SECURITY-CHARGE></SECURITY-CHARGE>
								<PROPERTY-ADDRESS></PROPERTY-ADDRESS>
								<AUTOMOBILE-TYPE></AUTOMOBILE-TYPE>
								<YEAR-OF-MANUFACTURE></YEAR-OF-MANUFACTURE>
								<REGISTRATION-NUMBER></REGISTRATION-NUMBER>
								<ENGINE-NUMBER></ENGINE-NUMBER>
								<CHASSIS-NUMBER></CHASSIS-NUMBER>
							</SECURITY-DETAIL>
						</SECURITY-DETAILS>
						<LINKED-ACCOUNTS></LINKED-ACCOUNTS>
					</LOAN-DETAILS>
				</RESPONSE>
				<RESPONSE>
					<LOAN-DETAILS>
						<ACCT-NUMBER>XXXX</ACCT-NUMBER>
						<CREDIT-GUARANTOR>XXXX</CREDIT-GUARANTOR>
						<ACCT-TYPE>Personal Loan</ACCT-TYPE>
						<DATE-REPORTED>28-02-2019</DATE-REPORTED>
						<OWNERSHIP-IND>Individual</OWNERSHIP-IND>
						<ACCOUNT-STATUS>Active</ACCOUNT-STATUS>
						<DISBURSED-AMT>12,661</DISBURSED-AMT>
						<DISBURSED-DATE>24-02-2019</DISBURSED-DATE>
						<OVERDUE-AMT>0</OVERDUE-AMT>
						<WRITE-OFF-AMT>0</WRITE-OFF-AMT>
						<CURRENT-BAL>12,661</CURRENT-BAL>
						<SECURITY-STATUS>Un-secured</SECURITY-STATUS>
						<COMBINED-PAYMENT-HISTORY>Feb:2019,000/XXX|</COMBINED-PAYMENT-HISTORY>
						<MATCHED-TYPE>PRIMARY</MATCHED-TYPE>
						<SECURITY-DETAILS></SECURITY-DETAILS>
						<LINKED-ACCOUNTS></LINKED-ACCOUNTS>
					</LOAN-DETAILS>
				</RESPONSE>
				<RESPONSE>
					<LOAN-DETAILS>
						<ACCT-NUMBER>XXXX</ACCT-NUMBER>
						<CREDIT-GUARANTOR>XXXX</CREDIT-GUARANTOR>
						<ACCT-TYPE>Consumer Loan</ACCT-TYPE>
						<DATE-REPORTED>28-02-2019</DATE-REPORTED>
						<OWNERSHIP-IND>Individual</OWNERSHIP-IND>
						<ACCOUNT-STATUS>Active</ACCOUNT-STATUS>
						<DISBURSED-AMT>11,999</DISBURSED-AMT>
						<DISBURSED-DATE>14-10-2018</DISBURSED-DATE>
						<LAST-PAYMENT-DATE>02-02-2019</LAST-PAYMENT-DATE>
						<OVERDUE-AMT>0</OVERDUE-AMT>
						<WRITE-OFF-AMT>0</WRITE-OFF-AMT>
						<CURRENT-BAL>3,999</CURRENT-BAL>
						<SECURITY-STATUS>Un-secured</SECURITY-STATUS>
						<COMBINED-PAYMENT-HISTORY>Feb:2019,000/XXX|Jan:2019,000/XXX|Dec:2018,000/XXX|Nov:2018,000/XXX|Oct:2018,000/XXX|</COMBINED-PAYMENT-HISTORY>
						<MATCHED-TYPE>PRIMARY</MATCHED-TYPE>
						<SECURITY-DETAILS></SECURITY-DETAILS>
						<LINKED-ACCOUNTS></LINKED-ACCOUNTS>
					</LOAN-DETAILS>
				</RESPONSE>
				<RESPONSE>
					<LOAN-DETAILS>
						<ACCT-NUMBER>XXXX</ACCT-NUMBER>
						<CREDIT-GUARANTOR>XXXX</CREDIT-GUARANTOR>
						<ACCT-TYPE>Gold Loan</ACCT-TYPE>
						<DATE-REPORTED>31-10-2016</DATE-REPORTED>
						<OWNERSHIP-IND>Individual</OWNERSHIP-IND>
						<ACCOUNT-STATUS>Closed</ACCOUNT-STATUS>
						<DISBURSED-AMT>30,552</DISBURSED-AMT>
						<DISBURSED-DATE>06-06-2016</DISBURSED-DATE>
						<LAST-PAYMENT-DATE>24-10-2016</LAST-PAYMENT-DATE>
						<CLOSED-DATE>24-10-2016</CLOSED-DATE>
						<OVERDUE-AMT>0</OVERDUE-AMT>
						<WRITE-OFF-AMT>0</WRITE-OFF-AMT>
						<CURRENT-BAL>0</CURRENT-BAL>
						<SECURITY-STATUS>Secured</SECURITY-STATUS>
						<COMBINED-PAYMENT-HISTORY>Oct:2016,000/XXX|Sep:2016,XXX/XXX|Aug:2016,XXX/XXX|Jul:2016,XXX/XXX|</COMBINED-PAYMENT-HISTORY>
						<MATCHED-TYPE>PRIMARY</MATCHED-TYPE>
						<SECURITY-DETAILS></SECURITY-DETAILS>
						<LINKED-ACCOUNTS></LINKED-ACCOUNTS>
					</LOAN-DETAILS>
				</RESPONSE>
				<RESPONSE>
					<LOAN-DETAILS>
						<ACCT-NUMBER>XXXX</ACCT-NUMBER>
						<CREDIT-GUARANTOR>XXXX</CREDIT-GUARANTOR>
						<ACCT-TYPE>Consumer Loan</ACCT-TYPE>
						<DATE-REPORTED>31-10-2018</DATE-REPORTED>
						<OWNERSHIP-IND>Individual</OWNERSHIP-IND>
						<ACCOUNT-STATUS>Active</ACCOUNT-STATUS>
						<DISBURSED-AMT>4,000</DISBURSED-AMT>
						<DISBURSED-DATE>29-09-2018</DISBURSED-DATE>
						<LAST-PAYMENT-DATE>30-10-2018</LAST-PAYMENT-DATE>
						<OVERDUE-AMT>0</OVERDUE-AMT>
						<WRITE-OFF-AMT>0</WRITE-OFF-AMT>
						<CURRENT-BAL>3,728</CURRENT-BAL>
						<CREDIT-LIMIT>4,000</CREDIT-LIMIT>
						<SECURITY-STATUS>Un-secured</SECURITY-STATUS>
						<COMBINED-PAYMENT-HISTORY>Oct:2018,XXX/STD|Sep:2018,XXX/STD|</COMBINED-PAYMENT-HISTORY>
						<MATCHED-TYPE>PRIMARY</MATCHED-TYPE>
						<CASH-LIMIT>4,000</CASH-LIMIT>
						<SECURITY-DETAILS></SECURITY-DETAILS>
						<LINKED-ACCOUNTS></LINKED-ACCOUNTS>
					</LOAN-DETAILS>
				</RESPONSE>
				<RESPONSE>
					<LOAN-DETAILS>
						<ACCT-NUMBER>XXXX</ACCT-NUMBER>
						<CREDIT-GUARANTOR>XXXX</CREDIT-GUARANTOR>
						<ACCT-TYPE>Consumer Loan</ACCT-TYPE>
						<DATE-REPORTED>28-02-2019</DATE-REPORTED>
						<OWNERSHIP-IND>Individual</OWNERSHIP-IND>
						<ACCOUNT-STATUS>Closed</ACCOUNT-STATUS>
						<DISBURSED-AMT>25,000</DISBURSED-AMT>
						<DISBURSED-DATE>19-04-2017</DISBURSED-DATE>
						<LAST-PAYMENT-DATE>02-01-2018</LAST-PAYMENT-DATE>
						<CLOSED-DATE>26-08-2018</CLOSED-DATE>
						<OVERDUE-AMT>0</OVERDUE-AMT>
						<WRITE-OFF-AMT>0</WRITE-OFF-AMT>
						<CURRENT-BAL>0</CURRENT-BAL>
						<SECURITY-STATUS>Un-secured</SECURITY-STATUS>
						<COMBINED-PAYMENT-HISTORY>Aug:2018,000/XXX|Jul:2018,000/XXX|Jun:2018,000/XXX|May:2018,000/XXX|Apr:2018,000/XXX|Mar:2018,000/XXX|Feb:2018,000/XXX|Jan:2018,000/XXX|Dec:2017,000/XXX|Nov:2017,000/XXX|Oct:2017,000/XXX|Sep:2017,000/XXX|Aug:2017,000/XXX|Jul:2017,000/XXX|Jun:2017,000/XXX|May:2017,000/XXX|Apr:2017,000/XXX|</COMBINED-PAYMENT-HISTORY>
						<MATCHED-TYPE>PRIMARY</MATCHED-TYPE>
						<SECURITY-DETAILS></SECURITY-DETAILS>
						<LINKED-ACCOUNTS></LINKED-ACCOUNTS>
					</LOAN-DETAILS>
				</RESPONSE>
				<RESPONSE>
					<LOAN-DETAILS>
						<ACCT-NUMBER>XXXX</ACCT-NUMBER>
						<CREDIT-GUARANTOR>XXXX</CREDIT-GUARANTOR>
						<ACCT-TYPE>Personal Loan</ACCT-TYPE>
						<DATE-REPORTED>28-02-2019</DATE-REPORTED>
						<OWNERSHIP-IND>Individual</OWNERSHIP-IND>
						<ACCOUNT-STATUS>Closed</ACCOUNT-STATUS>
						<DISBURSED-AMT>5,000</DISBURSED-AMT>
						<DISBURSED-DATE>30-12-2018</DISBURSED-DATE>
						<CLOSED-DATE>24-01-2019</CLOSED-DATE>
						<INSTALLMENT-AMT>0</INSTALLMENT-AMT>
						<OVERDUE-AMT>0</OVERDUE-AMT>
						<WRITE-OFF-AMT>0</WRITE-OFF-AMT>
						<CURRENT-BAL>0</CURRENT-BAL>
						<SECURITY-STATUS>Un-secured</SECURITY-STATUS>
						<COMBINED-PAYMENT-HISTORY>Jan:2019,000/XXX|Dec:2018,000/XXX|</COMBINED-PAYMENT-HISTORY>
						<MATCHED-TYPE>PRIMARY</MATCHED-TYPE>
						<SECURITY-DETAILS>
							<SECURITY-DETAIL>
								<SECURITY-TYPE>No Collateral</SECURITY-TYPE>
								<OWNER-NAME></OWNER-NAME>
								<SECURITY-VALUE>0</SECURITY-VALUE>
								<DATE-OF-VALUE></DATE-OF-VALUE>
								<SECURITY-CHARGE></SECURITY-CHARGE>
								<PROPERTY-ADDRESS></PROPERTY-ADDRESS>
								<AUTOMOBILE-TYPE></AUTOMOBILE-TYPE>
								<YEAR-OF-MANUFACTURE></YEAR-OF-MANUFACTURE>
								<REGISTRATION-NUMBER></REGISTRATION-NUMBER>
								<ENGINE-NUMBER></ENGINE-NUMBER>
								<CHASSIS-NUMBER></CHASSIS-NUMBER>
							</SECURITY-DETAIL>
						</SECURITY-DETAILS>
						<LINKED-ACCOUNTS></LINKED-ACCOUNTS>
					</LOAN-DETAILS>
				</RESPONSE>
			</RESPONSES>
			<INDV-RESPONSES>
				<PRIMARY-SUMMARY>
					<NO-OF-DEFAULT-ACCOUNTS>0</NO-OF-DEFAULT-ACCOUNTS>
					<TOTAL-RESPONSES>0</TOTAL-RESPONSES>
					<NO-OF-CLOSED-ACCOUNTS>0</NO-OF-CLOSED-ACCOUNTS>
					<NO-OF-ACTIVE-ACCOUNTS>0</NO-OF-ACTIVE-ACCOUNTS>
					<NO-OF-OTHER-MFIS>0</NO-OF-OTHER-MFIS>
					<NO-OF-OWN-MFIS>0</NO-OF-OWN-MFIS>
				</PRIMARY-SUMMARY>
				<SECONDARY-SUMMARY>
					<NO-OF-DEFAULT-ACCOUNTS>0</NO-OF-DEFAULT-ACCOUNTS>
					<TOTAL-RESPONSES>0</TOTAL-RESPONSES>
					<NO-OF-CLOSED-ACCOUNTS>0</NO-OF-CLOSED-ACCOUNTS>
					<NO-OF-ACTIVE-ACCOUNTS>0</NO-OF-ACTIVE-ACCOUNTS>
					<NO-OF-OTHER-MFIS>0</NO-OF-OTHER-MFIS>
					<NO-OF-OWN-MFIS>0</NO-OF-OWN-MFIS>
				</SECONDARY-SUMMARY>
				<SUMMARY>
					<STATUS>SUCCESS</STATUS>
					<TOTAL-RESPONSES>0</TOTAL-RESPONSES>
					<NO-OF-OTHER-MFIS>0</NO-OF-OTHER-MFIS>
					<NO-OF-DEFAULT-ACCOUNTS>0</NO-OF-DEFAULT-ACCOUNTS>
					<OWN-MFI-INDECATOR>false</OWN-MFI-INDECATOR>
					<NO-OF-CLOSED-ACCOUNTS>0</NO-OF-CLOSED-ACCOUNTS>
					<NO-OF-ACTIVE-ACCOUNTS>0</NO-OF-ACTIVE-ACCOUNTS>
					<NO-OF-OWN-MFIS>0</NO-OF-OWN-MFIS>
				</SUMMARY>
				<INDV-RESPONSE-LIST></INDV-RESPONSE-LIST>
			</INDV-RESPONSES>
			<GRP-RESPONSES>
				<PRIMARY-SUMMARY>
					<NO-OF-DEFAULT-ACCOUNTS>0</NO-OF-DEFAULT-ACCOUNTS>
					<TOTAL-RESPONSES>0</TOTAL-RESPONSES>
					<NO-OF-CLOSED-ACCOUNTS>0</NO-OF-CLOSED-ACCOUNTS>
					<NO-OF-ACTIVE-ACCOUNTS>0</NO-OF-ACTIVE-ACCOUNTS>
					<NO-OF-OTHER-MFIS>0</NO-OF-OTHER-MFIS>
					<NO-OF-OWN-MFIS>0</NO-OF-OWN-MFIS>
				</PRIMARY-SUMMARY>
				<SECONDARY-SUMMARY>
					<NO-OF-DEFAULT-ACCOUNTS>0</NO-OF-DEFAULT-ACCOUNTS>
					<TOTAL-RESPONSES>0</TOTAL-RESPONSES>
					<NO-OF-CLOSED-ACCOUNTS>0</NO-OF-CLOSED-ACCOUNTS>
					<NO-OF-ACTIVE-ACCOUNTS>0</NO-OF-ACTIVE-ACCOUNTS>
					<NO-OF-OTHER-MFIS>0</NO-OF-OTHER-MFIS>
					<NO-OF-OWN-MFIS>0</NO-OF-OWN-MFIS>
				</SECONDARY-SUMMARY>
				<SUMMARY>
					<STATUS>SUCCESS</STATUS>
					<TOTAL-RESPONSES>0</TOTAL-RESPONSES>
					<NO-OF-OTHER-MFIS>0</NO-OF-OTHER-MFIS>
					<NO-OF-DEFAULT-ACCOUNTS>0</NO-OF-DEFAULT-ACCOUNTS>
					<OWN-MFI-INDECATOR>false</OWN-MFI-INDECATOR>
					<NO-OF-CLOSED-ACCOUNTS>0</NO-OF-CLOSED-ACCOUNTS>
					<NO-OF-ACTIVE-ACCOUNTS>0</NO-OF-ACTIVE-ACCOUNTS>
					<NO-OF-OWN-MFIS>0</NO-OF-OWN-MFIS>
				</SUMMARY>
				<GRP-RESPONSE-LIST></GRP-RESPONSE-LIST>
			</GRP-RESPONSES>
		</INDV-REPORT>
	</INDV-REPORTS>
</INDV-REPORT-FILE>