<?xml version="1.0" encoding="utf-8"?>
<INDV-REPORT-FILE>
	<INDV-REPORTS>
		<INDV-REPORT>
			<HEADER>
				<DATE-OF-REQUEST>12-06-2019 07:02:26</DATE-OF-REQUEST>
				<PREPARED-FOR>FICCL GOUPWARDS</PREPARED-FOR>
				<PREPARED-FOR-ID>NBF0002574</PREPARED-FOR-ID>
				<DATE-OF-ISSUE>12-06-2019</DATE-OF-ISSUE>
				<BATCH-ID>374364228190612</BATCH-ID>
				<REPORT-ID>FICC190612CR508451731</REPORT-ID>
			</HEADER>
			<STATUS-DETAILS>
				<STATUS>
					<OPTION>CNS-SCORE</OPTION>
					<OPTION-STATUS>SUCCESS</OPTION-STATUS>
					<ERRORS></ERRORS>
				</STATUS>
				<STATUS>
					<OPTION>MFI-INDV</OPTION>
					<OPTION-STATUS>NO RESPONSE FOUND</OPTION-STATUS>
					<ERRORS>
						<ERROR></ERROR>
					</ERRORS>
				</STATUS>
				<STATUS>
					<OPTION>MFI-GRP</OPTION>
					<OPTION-STATUS>NO RESPONSE FOUND</OPTION-STATUS>
					<ERRORS>
						<ERROR></ERROR>
					</ERRORS>
				</STATUS>
				<STATUS>
					<OPTION>CNS_INDV</OPTION>
					<OPTION-STATUS>SUCCESS</OPTION-STATUS>
					<ERRORS></ERRORS>
				</STATUS>
				<STATUS>
					<OPTION>INQUIRY-HISTORY</OPTION>
					<OPTION-STATUS>SUCCESS</OPTION-STATUS>
					<ERRORS></ERRORS>
				</STATUS>
			</STATUS-DETAILS>
			<SECONDARY-MATCHES></SECONDARY-MATCHES>
			<ACCOUNTS-SUMMARY>
				<DERIVED-ATTRIBUTES>
					<INQUIRIES-IN-LAST-SIX-MONTHS>4</INQUIRIES-IN-LAST-SIX-MONTHS>
					<LENGTH-OF-CREDIT-HISTORY-YEAR>5</LENGTH-OF-CREDIT-HISTORY-YEAR>
					<LENGTH-OF-CREDIT-HISTORY-MONTH>10</LENGTH-OF-CREDIT-HISTORY-MONTH>
					<AVERAGE-ACCOUNT-AGE-YEAR>0</AVERAGE-ACCOUNT-AGE-YEAR>
					<AVERAGE-ACCOUNT-AGE-MONTH>11</AVERAGE-ACCOUNT-AGE-MONTH>
					<NEW-ACCOUNTS-IN-LAST-SIX-MONTHS>1</NEW-ACCOUNTS-IN-LAST-SIX-MONTHS>
					<NEW-DELINQ-ACCOUNT-IN-LAST-SIX-MONTHS>0</NEW-DELINQ-ACCOUNT-IN-LAST-SIX-MONTHS>
				</DERIVED-ATTRIBUTES>
				<PRIMARY-ACCOUNTS-SUMMARY>
					<PRIMARY-NUMBER-OF-ACCOUNTS>13</PRIMARY-NUMBER-OF-ACCOUNTS>
					<PRIMARY-ACTIVE-NUMBER-OF-ACCOUNTS>4</PRIMARY-ACTIVE-NUMBER-OF-ACCOUNTS>
					<PRIMARY-OVERDUE-NUMBER-OF-ACCOUNTS>0</PRIMARY-OVERDUE-NUMBER-OF-ACCOUNTS>
					<PRIMARY-SECURED-NUMBER-OF-ACCOUNTS>0</PRIMARY-SECURED-NUMBER-OF-ACCOUNTS>
					<PRIMARY-UNSECURED-NUMBER-OF-ACCOUNTS>0</PRIMARY-UNSECURED-NUMBER-OF-ACCOUNTS>
					<PRIMARY-UNTAGGED-NUMBER-OF-ACCOUNTS>0</PRIMARY-UNTAGGED-NUMBER-OF-ACCOUNTS>
					<PRIMARY-CURRENT-BALANCE>552921</PRIMARY-CURRENT-BALANCE>
					<PRIMARY-SANCTIONED-AMOUNT>544001</PRIMARY-SANCTIONED-AMOUNT>
					<PRIMARY-DISBURSED-AMOUNT>544001</PRIMARY-DISBURSED-AMOUNT>
				</PRIMARY-ACCOUNTS-SUMMARY>
				<SECONDARY-ACCOUNTS-SUMMARY>
					<SECONDARY-NUMBER-OF-ACCOUNTS>0</SECONDARY-NUMBER-OF-ACCOUNTS>
					<SECONDARY-ACTIVE-NUMBER-OF-ACCOUNTS>0</SECONDARY-ACTIVE-NUMBER-OF-ACCOUNTS>
					<SECONDARY-OVERDUE-NUMBER-OF-ACCOUNTS>0</SECONDARY-OVERDUE-NUMBER-OF-ACCOUNTS>
					<SECONDARY-SECURED-NUMBER-OF-ACCOUNTS>0</SECONDARY-SECURED-NUMBER-OF-ACCOUNTS>
					<SECONDARY-UNSECURED-NUMBER-OF-ACCOUNTS>0</SECONDARY-UNSECURED-NUMBER-OF-ACCOUNTS>
					<SECONDARY-UNTAGGED-NUMBER-OF-ACCOUNTS>0</SECONDARY-UNTAGGED-NUMBER-OF-ACCOUNTS>
					<SECONDARY-CURRENT-BALANCE>0</SECONDARY-CURRENT-BALANCE>
					<SECONDARY-SANCTIONED-AMOUNT>0</SECONDARY-SANCTIONED-AMOUNT>
					<SECONDARY-DISBURSED-AMOUNT>0</SECONDARY-DISBURSED-AMOUNT>
				</SECONDARY-ACCOUNTS-SUMMARY>
			</ACCOUNTS-SUMMARY>
			<ALERTS>
				<ALERT>
					<ALERT-DESC>NO</ALERT-DESC>
				</ALERT>
			</ALERTS>
			<SCORES>
				<SCORE>
					<SCORE-TYPE>PERFORM-Consumer</SCORE-TYPE>
					<SCORE-VALUE>670</SCORE-VALUE>
					<SCORE-COMMENTS>I-High Risk</SCORE-COMMENTS>
				</SCORE>
			</SCORES>
			<INQUIRY-HISTORY>
				<HISTORY>
					<MEMBER-NAME>XXXX</MEMBER-NAME>
					<INQUIRY-DATE>20-12-2018</INQUIRY-DATE>
					<PURPOSE>Personal Loan</PURPOSE>
					<AMOUNT>2,70,000</AMOUNT>
					<REMARK></REMARK>
				</HISTORY>
				<HISTORY>
					<MEMBER-NAME>XXXX</MEMBER-NAME>
					<INQUIRY-DATE>22-12-2018</INQUIRY-DATE>
					<PURPOSE>Personal Loan</PURPOSE>
					<AMOUNT>2,00,000</AMOUNT>
					<REMARK></REMARK>
				</HISTORY>
				<HISTORY>
					<MEMBER-NAME>XXXX</MEMBER-NAME>
					<INQUIRY-DATE>04-07-2018</INQUIRY-DATE>
					<PURPOSE>Working Capital Loans</PURPOSE>
					<AMOUNT>2,00,000</AMOUNT>
					<REMARK></REMARK>
				</HISTORY>
				<HISTORY>
					<MEMBER-NAME>XXXX</MEMBER-NAME>
					<INQUIRY-DATE>06-07-2018</INQUIRY-DATE>
					<PURPOSE>Other</PURPOSE>
					<AMOUNT>1</AMOUNT>
					<REMARK></REMARK>
				</HISTORY>
			</INQUIRY-HISTORY>
			<RESPONSES>
				<RESPONSE>
					<LOAN-DETAILS>
						<ACCT-NUMBER>XXXX</ACCT-NUMBER>
						<CREDIT-GUARANTOR>XXXX</CREDIT-GUARANTOR>
						<ACCT-TYPE>Gold Loan</ACCT-TYPE>
						<DATE-REPORTED>31-01-2017</DATE-REPORTED>
						<OWNERSHIP-IND>Individual</OWNERSHIP-IND>
						<ACCOUNT-STATUS>Closed</ACCOUNT-STATUS>
						<DISBURSED-AMT>12,500</DISBURSED-AMT>
						<DISBURSED-DATE>10-11-2015</DISBURSED-DATE>
						<LAST-PAYMENT-DATE>16-05-2016</LAST-PAYMENT-DATE>
						<CLOSED-DATE>16-05-2016</CLOSED-DATE>
						<OVERDUE-AMT>0</OVERDUE-AMT>
						<WRITE-OFF-AMT>0</WRITE-OFF-AMT>
						<CURRENT-BAL>0</CURRENT-BAL>
						<SECURITY-STATUS>Secured</SECURITY-STATUS>
						<COMBINED-PAYMENT-HISTORY>May:2016,000/XXX|Apr:2016,141/XXX|Mar:2016,113/XXX|Feb:2016,082/XXX|Jan:2016,XXX/XXX|Dec:2015,XXX/XXX|</COMBINED-PAYMENT-HISTORY>
						<MATCHED-TYPE>PRIMARY</MATCHED-TYPE>
						<SECURITY-DETAILS></SECURITY-DETAILS>
						<LINKED-ACCOUNTS></LINKED-ACCOUNTS>
					</LOAN-DETAILS>
				</RESPONSE>
				<RESPONSE>
					<LOAN-DETAILS>
						<ACCT-NUMBER>XXXX</ACCT-NUMBER>
						<CREDIT-GUARANTOR>XXXX</CREDIT-GUARANTOR>
						<ACCT-TYPE>Gold Loan</ACCT-TYPE>
						<DATE-REPORTED>31-10-2018</DATE-REPORTED>
						<OWNERSHIP-IND>Individual</OWNERSHIP-IND>
						<ACCOUNT-STATUS>Closed</ACCOUNT-STATUS>
						<DISBURSED-AMT>10,100</DISBURSED-AMT>
						<DISBURSED-DATE>03-01-2018</DISBURSED-DATE>
						<LAST-PAYMENT-DATE>06-10-2018</LAST-PAYMENT-DATE>
						<CLOSED-DATE>06-10-2018</CLOSED-DATE>
						<OVERDUE-AMT>0</OVERDUE-AMT>
						<WRITE-OFF-AMT>0</WRITE-OFF-AMT>
						<CURRENT-BAL>0</CURRENT-BAL>
						<SECURITY-STATUS>Secured</SECURITY-STATUS>
						<COMBINED-PAYMENT-HISTORY>Oct:2018,000/XXX|Sep:2018,DDD/DDD|Aug:2018,DDD/DDD|Jul:2018,DDD/DDD|Jun:2018,000/XXX|May:2018,000/XXX|Apr:2018,000/XXX|Mar:2018,000/XXX|Feb:2018,000/XXX|Jan:2018,000/XXX|</COMBINED-PAYMENT-HISTORY>
						<MATCHED-TYPE>PRIMARY</MATCHED-TYPE>
						<SECURITY-DETAILS></SECURITY-DETAILS>
						<LINKED-ACCOUNTS></LINKED-ACCOUNTS>
					</LOAN-DETAILS>
				</RESPONSE>
				<RESPONSE>
					<LOAN-DETAILS>
						<ACCT-NUMBER>XXXX</ACCT-NUMBER>
						<CREDIT-GUARANTOR>XXXX</CREDIT-GUARANTOR>
						<ACCT-TYPE>Personal Loan</ACCT-TYPE>
						<DATE-REPORTED>30-04-2019</DATE-REPORTED>
						<OWNERSHIP-IND>Individual</OWNERSHIP-IND>
						<ACCOUNT-STATUS>Active</ACCOUNT-STATUS>
						<DISBURSED-AMT>22,000</DISBURSED-AMT>
						<DISBURSED-DATE>15-06-2018</DISBURSED-DATE>
						<OVERDUE-AMT>0</OVERDUE-AMT>
						<WRITE-OFF-AMT>0</WRITE-OFF-AMT>
						<CURRENT-BAL>23,249</CURRENT-BAL>
						<SECURITY-STATUS>Un-secured</SECURITY-STATUS>
						<COMBINED-PAYMENT-HISTORY>Apr:2019,000/STD|Mar:2019,000/STD|Feb:2019,000/STD|Jan:2019,000/XXX|Dec:2018,000/STD|Nov:2018,000/STD|Oct:2018,DDD/DDD|Sep:2018,000/STD|Aug:2018,000/STD|Jul:2018,000/STD|Jun:2018,000/STD|</COMBINED-PAYMENT-HISTORY>
						<MATCHED-TYPE>PRIMARY</MATCHED-TYPE>
						<SECURITY-DETAILS></SECURITY-DETAILS>
						<LINKED-ACCOUNTS></LINKED-ACCOUNTS>
					</LOAN-DETAILS>
				</RESPONSE>
				<RESPONSE>
					<LOAN-DETAILS>
						<ACCT-NUMBER>XXXX</ACCT-NUMBER>
						<CREDIT-GUARANTOR>XXXX</CREDIT-GUARANTOR>
						<ACCT-TYPE>Personal Loan</ACCT-TYPE>
						<DATE-REPORTED>30-04-2019</DATE-REPORTED>
						<OWNERSHIP-IND>Individual</OWNERSHIP-IND>
						<ACCOUNT-STATUS>Active</ACCOUNT-STATUS>
						<DISBURSED-AMT>22,000</DISBURSED-AMT>
						<DISBURSED-DATE>15-06-2018</DISBURSED-DATE>
						<OVERDUE-AMT>0</OVERDUE-AMT>
						<WRITE-OFF-AMT>0</WRITE-OFF-AMT>
						<CURRENT-BAL>23,249</CURRENT-BAL>
						<SECURITY-STATUS>Un-secured</SECURITY-STATUS>
						<COMBINED-PAYMENT-HISTORY>Apr:2019,000/STD|Mar:2019,000/STD|Feb:2019,000/STD|Jan:2019,XXX/XXX|Dec:2018,XXX/XXX|Nov:2018,XXX/XXX|Oct:2018,XXX/XXX|Sep:2018,XXX/XXX|Aug:2018,XXX/XXX|Jul:2018,XXX/XXX|</COMBINED-PAYMENT-HISTORY>
						<MATCHED-TYPE>PRIMARY</MATCHED-TYPE>
						<SECURITY-DETAILS></SECURITY-DETAILS>
						<LINKED-ACCOUNTS></LINKED-ACCOUNTS>
					</LOAN-DETAILS>
				</RESPONSE>
				<RESPONSE>
					<LOAN-DETAILS>
						<ACCT-NUMBER>XXXX</ACCT-NUMBER>
						<CREDIT-GUARANTOR>XXXX</CREDIT-GUARANTOR>
						<ACCT-TYPE>Gold Loan</ACCT-TYPE>
						<DATE-REPORTED>31-10-2017</DATE-REPORTED>
						<OWNERSHIP-IND>Individual</OWNERSHIP-IND>
						<ACCOUNT-STATUS>Closed</ACCOUNT-STATUS>
						<DISBURSED-AMT>9,500</DISBURSED-AMT>
						<DISBURSED-DATE>24-08-2017</DISBURSED-DATE>
						<LAST-PAYMENT-DATE>14-10-2017</LAST-PAYMENT-DATE>
						<CLOSED-DATE>14-10-2017</CLOSED-DATE>
						<OVERDUE-AMT>0</OVERDUE-AMT>
						<WRITE-OFF-AMT>0</WRITE-OFF-AMT>
						<CURRENT-BAL>0</CURRENT-BAL>
						<SECURITY-STATUS>Secured</SECURITY-STATUS>
						<COMBINED-PAYMENT-HISTORY>Oct:2017,000/XXX|Sep:2017,000/XXX|Aug:2017,000/XXX|</COMBINED-PAYMENT-HISTORY>
						<MATCHED-TYPE>PRIMARY</MATCHED-TYPE>
						<SECURITY-DETAILS></SECURITY-DETAILS>
						<LINKED-ACCOUNTS></LINKED-ACCOUNTS>
					</LOAN-DETAILS>
				</RESPONSE>
				<RESPONSE>
					<LOAN-DETAILS>
						<ACCT-NUMBER>XXXX</ACCT-NUMBER>
						<CREDIT-GUARANTOR>XXXX</CREDIT-GUARANTOR>
						<ACCT-TYPE>Gold Loan</ACCT-TYPE>
						<DATE-REPORTED>31-01-2017</DATE-REPORTED>
						<OWNERSHIP-IND>Individual</OWNERSHIP-IND>
						<ACCOUNT-STATUS>Closed</ACCOUNT-STATUS>
						<DISBURSED-AMT>32,500</DISBURSED-AMT>
						<DISBURSED-DATE>08-10-2015</DISBURSED-DATE>
						<LAST-PAYMENT-DATE>11-03-2016</LAST-PAYMENT-DATE>
						<CLOSED-DATE>11-03-2016</CLOSED-DATE>
						<OVERDUE-AMT>0</OVERDUE-AMT>
						<WRITE-OFF-AMT>0</WRITE-OFF-AMT>
						<CURRENT-BAL>0</CURRENT-BAL>
						<SECURITY-STATUS>Secured</SECURITY-STATUS>
						<COMBINED-PAYMENT-HISTORY>Mar:2016,000/XXX|Feb:2016,053/XXX|Jan:2016,XXX/XXX|Dec:2015,XXX/XXX|Nov:2015,XXX/XXX|</COMBINED-PAYMENT-HISTORY>
						<MATCHED-TYPE>PRIMARY</MATCHED-TYPE>
						<SECURITY-DETAILS></SECURITY-DETAILS>
						<LINKED-ACCOUNTS></LINKED-ACCOUNTS>
					</LOAN-DETAILS>
				</RESPONSE>
				<RESPONSE>
					<LOAN-DETAILS>
						<ACCT-NUMBER>XXXX</ACCT-NUMBER>
						<CREDIT-GUARANTOR>XXXX</CREDIT-GUARANTOR>
						<ACCT-TYPE>Gold Loan</ACCT-TYPE>
						<DATE-REPORTED>31-01-2017</DATE-REPORTED>
						<OWNERSHIP-IND>Individual</OWNERSHIP-IND>
						<ACCOUNT-STATUS>Closed</ACCOUNT-STATUS>
						<DISBURSED-AMT>8,100</DISBURSED-AMT>
						<DISBURSED-DATE>30-04-2016</DISBURSED-DATE>
						<LAST-PAYMENT-DATE>11-11-2016</LAST-PAYMENT-DATE>
						<CLOSED-DATE>11-11-2016</CLOSED-DATE>
						<OVERDUE-AMT>0</OVERDUE-AMT>
						<WRITE-OFF-AMT>0</WRITE-OFF-AMT>
						<CURRENT-BAL>0</CURRENT-BAL>
						<SECURITY-STATUS>Secured</SECURITY-STATUS>
						<COMBINED-PAYMENT-HISTORY>Nov:2016,000/XXX|Oct:2016,093/XXX|Sep:2016,062/XXX|Aug:2016,032/XXX|Jul:2016,000/XXX|Jun:2016,000/XXX|May:2016,000/XXX|Apr:2016,000/XXX|</COMBINED-PAYMENT-HISTORY>
						<MATCHED-TYPE>PRIMARY</MATCHED-TYPE>
						<SECURITY-DETAILS></SECURITY-DETAILS>
						<LINKED-ACCOUNTS></LINKED-ACCOUNTS>
					</LOAN-DETAILS>
				</RESPONSE>
				<RESPONSE>
					<LOAN-DETAILS>
						<ACCT-NUMBER>XXXX</ACCT-NUMBER>
						<CREDIT-GUARANTOR>XXXX</CREDIT-GUARANTOR>
						<ACCT-TYPE>Other</ACCT-TYPE>
						<DATE-REPORTED>31-10-2018</DATE-REPORTED>
						<OWNERSHIP-IND>Individual</OWNERSHIP-IND>
						<ACCOUNT-STATUS>Active</ACCOUNT-STATUS>
						<DISBURSED-AMT>1</DISBURSED-AMT>
						<DISBURSED-DATE>19-12-2012</DISBURSED-DATE>
						<INSTALLMENT-AMT>0</INSTALLMENT-AMT>
						<WRITE-OFF-AMT>0</WRITE-OFF-AMT>
						<CURRENT-BAL>-2</CURRENT-BAL>
						<CREDIT-LIMIT>0</CREDIT-LIMIT>
						<SECURITY-STATUS>Un-secured</SECURITY-STATUS>
						<COMBINED-PAYMENT-HISTORY>Oct:2018,XXX/STD|Sep:2018,334/SUB|Aug:2018,304/SUB|Jul:2018,273/SUB|Jun:2018,242/SUB|May:2018,212/SUB|Apr:2018,181/SUB|Mar:2018,151/SUB|Feb:2018,120/SUB|Jan:2018,092/SUB|Dec:2017,061/SMA|Nov:2017,030/SMA|Oct:2017,001/STD|Sep:2017,XXX/XXX|Aug:2017,XXX/XXX|Jul:2017,XXX/XXX|Jun:2017,XXX/XXX|May:2017,XXX/XXX|Apr:2017,XXX/XXX|Mar:2017,XXX/XXX|Feb:2017,XXX/XXX|Jan:2017,XXX/XXX|Dec:2016,XXX/XXX|Nov:2016,XXX/XXX|Oct:2016,XXX/XXX|Sep:2016,XXX/XXX|Aug:2016,XXX/XXX|Jul:2016,XXX/XXX|Jun:2016,XXX/XXX|May:2016,XXX/XXX|Apr:2016,XXX/XXX|Mar:2016,XXX/XXX|Feb:2016,XXX/XXX|Jan:2016,XXX/XXX|Dec:2015,XXX/XXX|Nov:2015,XXX/XXX|</COMBINED-PAYMENT-HISTORY>
						<MATCHED-TYPE>PRIMARY</MATCHED-TYPE>
						<CASH-LIMIT>0</CASH-LIMIT>
						<ACTUAL-PAYMENT>10</ACTUAL-PAYMENT>
						<SECURITY-DETAILS>
							<SECURITY-DETAIL>
								<SECURITY-TYPE></SECURITY-TYPE>
								<OWNER-NAME></OWNER-NAME>
								<SECURITY-VALUE>0</SECURITY-VALUE>
								<DATE-OF-VALUE></DATE-OF-VALUE>
								<SECURITY-CHARGE></SECURITY-CHARGE>
								<PROPERTY-ADDRESS></PROPERTY-ADDRESS>
								<AUTOMOBILE-TYPE></AUTOMOBILE-TYPE>
								<YEAR-OF-MANUFACTURE></YEAR-OF-MANUFACTURE>
								<REGISTRATION-NUMBER></REGISTRATION-NUMBER>
								<ENGINE-NUMBER></ENGINE-NUMBER>
								<CHASSIS-NUMBER></CHASSIS-NUMBER>
							</SECURITY-DETAIL>
						</SECURITY-DETAILS>
						<LINKED-ACCOUNTS></LINKED-ACCOUNTS>
					</LOAN-DETAILS>
				</RESPONSE>
				<RESPONSE>
					<LOAN-DETAILS>
						<ACCT-NUMBER>XXXX</ACCT-NUMBER>
						<CREDIT-GUARANTOR>XXXX</CREDIT-GUARANTOR>
						<ACCT-TYPE>Gold Loan</ACCT-TYPE>
						<DATE-REPORTED>31-10-2018</DATE-REPORTED>
						<OWNERSHIP-IND>Individual</OWNERSHIP-IND>
						<ACCOUNT-STATUS>Closed</ACCOUNT-STATUS>
						<DISBURSED-AMT>9,200</DISBURSED-AMT>
						<DISBURSED-DATE>26-05-2018</DISBURSED-DATE>
						<LAST-PAYMENT-DATE>06-10-2018</LAST-PAYMENT-DATE>
						<CLOSED-DATE>06-10-2018</CLOSED-DATE>
						<OVERDUE-AMT>0</OVERDUE-AMT>
						<WRITE-OFF-AMT>0</WRITE-OFF-AMT>
						<CURRENT-BAL>0</CURRENT-BAL>
						<SECURITY-STATUS>Secured</SECURITY-STATUS>
						<COMBINED-PAYMENT-HISTORY>Oct:2018,000/XXX|Sep:2018,DDD/DDD|Aug:2018,DDD/DDD|Jul:2018,DDD/DDD|Jun:2018,000/XXX|May:2018,000/XXX|</COMBINED-PAYMENT-HISTORY>
						<MATCHED-TYPE>PRIMARY</MATCHED-TYPE>
						<SECURITY-DETAILS></SECURITY-DETAILS>
						<LINKED-ACCOUNTS></LINKED-ACCOUNTS>
					</LOAN-DETAILS>
				</RESPONSE>
				<RESPONSE>
					<LOAN-DETAILS>
						<ACCT-NUMBER>XXXX</ACCT-NUMBER>
						<CREDIT-GUARANTOR>XXXX</CREDIT-GUARANTOR>
						<ACCT-TYPE>Gold Loan</ACCT-TYPE>
						<DATE-REPORTED>31-10-2018</DATE-REPORTED>
						<OWNERSHIP-IND>Individual</OWNERSHIP-IND>
						<ACCOUNT-STATUS>Closed</ACCOUNT-STATUS>
						<DISBURSED-AMT>65,100</DISBURSED-AMT>
						<DISBURSED-DATE>09-06-2018</DISBURSED-DATE>
						<LAST-PAYMENT-DATE>06-10-2018</LAST-PAYMENT-DATE>
						<CLOSED-DATE>06-10-2018</CLOSED-DATE>
						<OVERDUE-AMT>0</OVERDUE-AMT>
						<WRITE-OFF-AMT>0</WRITE-OFF-AMT>
						<CURRENT-BAL>0</CURRENT-BAL>
						<SECURITY-STATUS>Secured</SECURITY-STATUS>
						<COMBINED-PAYMENT-HISTORY>Oct:2018,000/XXX|Sep:2018,DDD/DDD|Aug:2018,DDD/DDD|Jul:2018,DDD/DDD|Jun:2018,000/XXX|</COMBINED-PAYMENT-HISTORY>
						<MATCHED-TYPE>PRIMARY</MATCHED-TYPE>
						<SECURITY-DETAILS></SECURITY-DETAILS>
						<LINKED-ACCOUNTS></LINKED-ACCOUNTS>
					</LOAN-DETAILS>
				</RESPONSE>
				<RESPONSE>
					<LOAN-DETAILS>
						<ACCT-NUMBER>XXXX</ACCT-NUMBER>
						<CREDIT-GUARANTOR>XXXX</CREDIT-GUARANTOR>
						<ACCT-TYPE>Gold Loan</ACCT-TYPE>
						<DATE-REPORTED>31-01-2017</DATE-REPORTED>
						<OWNERSHIP-IND>Individual</OWNERSHIP-IND>
						<ACCOUNT-STATUS>Closed</ACCOUNT-STATUS>
						<DISBURSED-AMT>11,100</DISBURSED-AMT>
						<DISBURSED-DATE>02-03-2016</DISBURSED-DATE>
						<LAST-PAYMENT-DATE>06-08-2016</LAST-PAYMENT-DATE>
						<CLOSED-DATE>06-08-2016</CLOSED-DATE>
						<OVERDUE-AMT>0</OVERDUE-AMT>
						<WRITE-OFF-AMT>0</WRITE-OFF-AMT>
						<CURRENT-BAL>0</CURRENT-BAL>
						<SECURITY-STATUS>Secured</SECURITY-STATUS>
						<COMBINED-PAYMENT-HISTORY>Aug:2016,000/XXX|Jul:2016,000/XXX|Jun:2016,028/XXX|May:2016,000/XXX|Apr:2016,000/XXX|Mar:2016,000/XXX|</COMBINED-PAYMENT-HISTORY>
						<MATCHED-TYPE>PRIMARY</MATCHED-TYPE>
						<SECURITY-DETAILS></SECURITY-DETAILS>
						<LINKED-ACCOUNTS></LINKED-ACCOUNTS>
					</LOAN-DETAILS>
				</RESPONSE>
				<RESPONSE>
					<LOAN-DETAILS>
						<ACCT-NUMBER>XXXX</ACCT-NUMBER>
						<CREDIT-GUARANTOR>XXXX</CREDIT-GUARANTOR>
						<ACCT-TYPE>Property Loan</ACCT-TYPE>
						<DATE-REPORTED>30-04-2019</DATE-REPORTED>
						<OWNERSHIP-IND>Individual</OWNERSHIP-IND>
						<ACCOUNT-STATUS>Active</ACCOUNT-STATUS>
						<DISBURSED-AMT>5,00,000</DISBURSED-AMT>
						<DISBURSED-DATE>28-02-2019</DISBURSED-DATE>
						<LAST-PAYMENT-DATE>28-02-2019</LAST-PAYMENT-DATE>
						<INSTALLMENT-AMT>8,623/Monthly</INSTALLMENT-AMT>
						<OVERDUE-AMT>0</OVERDUE-AMT>
						<WRITE-OFF-AMT>0</WRITE-OFF-AMT>
						<CURRENT-BAL>5,06,425</CURRENT-BAL>
						<SECURITY-STATUS>Secured</SECURITY-STATUS>
						<COMBINED-PAYMENT-HISTORY>Apr:2019,000/STD|Mar:2019,000/STD|Feb:2019,000/STD|</COMBINED-PAYMENT-HISTORY>
						<MATCHED-TYPE>PRIMARY</MATCHED-TYPE>
						<SECURITY-DETAILS>
							<SECURITY-DETAIL>
								<SECURITY-TYPE></SECURITY-TYPE>
								<OWNER-NAME></OWNER-NAME>
								<SECURITY-VALUE>24,49,600</SECURITY-VALUE>
								<DATE-OF-VALUE></DATE-OF-VALUE>
								<SECURITY-CHARGE></SECURITY-CHARGE>
								<PROPERTY-ADDRESS></PROPERTY-ADDRESS>
								<AUTOMOBILE-TYPE></AUTOMOBILE-TYPE>
								<YEAR-OF-MANUFACTURE></YEAR-OF-MANUFACTURE>
								<REGISTRATION-NUMBER></REGISTRATION-NUMBER>
								<ENGINE-NUMBER></ENGINE-NUMBER>
								<CHASSIS-NUMBER></CHASSIS-NUMBER>
							</SECURITY-DETAIL>
						</SECURITY-DETAILS>
						<LINKED-ACCOUNTS></LINKED-ACCOUNTS>
					</LOAN-DETAILS>
				</RESPONSE>
				<RESPONSE>
					<LOAN-DETAILS>
						<ACCT-NUMBER>XXXX</ACCT-NUMBER>
						<CREDIT-GUARANTOR>XXXX</CREDIT-GUARANTOR>
						<ACCT-TYPE>Gold Loan</ACCT-TYPE>
						<DATE-REPORTED>31-01-2017</DATE-REPORTED>
						<OWNERSHIP-IND>Individual</OWNERSHIP-IND>
						<ACCOUNT-STATUS>Closed</ACCOUNT-STATUS>
						<DISBURSED-AMT>93,500</DISBURSED-AMT>
						<DISBURSED-DATE>28-03-2016</DISBURSED-DATE>
						<LAST-PAYMENT-DATE>23-11-2016</LAST-PAYMENT-DATE>
						<CLOSED-DATE>23-11-2016</CLOSED-DATE>
						<OVERDUE-AMT>0</OVERDUE-AMT>
						<WRITE-OFF-AMT>0</WRITE-OFF-AMT>
						<CURRENT-BAL>0</CURRENT-BAL>
						<SECURITY-STATUS>Secured</SECURITY-STATUS>
						<COMBINED-PAYMENT-HISTORY>Nov:2016,000/XXX|Oct:2016,125/XXX|Sep:2016,094/XXX|Aug:2016,064/XXX|Jul:2016,031/XXX|Jun:2016,002/XXX|May:2016,000/XXX|Apr:2016,000/XXX|Mar:2016,000/XXX|</COMBINED-PAYMENT-HISTORY>
						<MATCHED-TYPE>PRIMARY</MATCHED-TYPE>
						<SECURITY-DETAILS></SECURITY-DETAILS>
						<LINKED-ACCOUNTS></LINKED-ACCOUNTS>
					</LOAN-DETAILS>
				</RESPONSE>
			</RESPONSES>
			<INDV-RESPONSES>
				<PRIMARY-SUMMARY>
					<NO-OF-DEFAULT-ACCOUNTS>0</NO-OF-DEFAULT-ACCOUNTS>
					<TOTAL-RESPONSES>0</TOTAL-RESPONSES>
					<NO-OF-CLOSED-ACCOUNTS>0</NO-OF-CLOSED-ACCOUNTS>
					<NO-OF-ACTIVE-ACCOUNTS>0</NO-OF-ACTIVE-ACCOUNTS>
					<NO-OF-OTHER-MFIS>0</NO-OF-OTHER-MFIS>
					<NO-OF-OWN-MFIS>0</NO-OF-OWN-MFIS>
				</PRIMARY-SUMMARY>
				<SECONDARY-SUMMARY>
					<NO-OF-DEFAULT-ACCOUNTS>0</NO-OF-DEFAULT-ACCOUNTS>
					<TOTAL-RESPONSES>0</TOTAL-RESPONSES>
					<NO-OF-CLOSED-ACCOUNTS>0</NO-OF-CLOSED-ACCOUNTS>
					<NO-OF-ACTIVE-ACCOUNTS>0</NO-OF-ACTIVE-ACCOUNTS>
					<NO-OF-OTHER-MFIS>0</NO-OF-OTHER-MFIS>
					<NO-OF-OWN-MFIS>0</NO-OF-OWN-MFIS>
				</SECONDARY-SUMMARY>
				<SUMMARY>
					<STATUS>SUCCESS</STATUS>
					<TOTAL-RESPONSES>0</TOTAL-RESPONSES>
					<NO-OF-OTHER-MFIS>0</NO-OF-OTHER-MFIS>
					<NO-OF-DEFAULT-ACCOUNTS>0</NO-OF-DEFAULT-ACCOUNTS>
					<OWN-MFI-INDECATOR>false</OWN-MFI-INDECATOR>
					<NO-OF-CLOSED-ACCOUNTS>0</NO-OF-CLOSED-ACCOUNTS>
					<NO-OF-ACTIVE-ACCOUNTS>0</NO-OF-ACTIVE-ACCOUNTS>
					<NO-OF-OWN-MFIS>0</NO-OF-OWN-MFIS>
				</SUMMARY>
				<INDV-RESPONSE-LIST></INDV-RESPONSE-LIST>
			</INDV-RESPONSES>
			<GRP-RESPONSES>
				<PRIMARY-SUMMARY>
					<NO-OF-DEFAULT-ACCOUNTS>0</NO-OF-DEFAULT-ACCOUNTS>
					<TOTAL-RESPONSES>0</TOTAL-RESPONSES>
					<NO-OF-CLOSED-ACCOUNTS>0</NO-OF-CLOSED-ACCOUNTS>
					<NO-OF-ACTIVE-ACCOUNTS>0</NO-OF-ACTIVE-ACCOUNTS>
					<NO-OF-OTHER-MFIS>0</NO-OF-OTHER-MFIS>
					<NO-OF-OWN-MFIS>0</NO-OF-OWN-MFIS>
				</PRIMARY-SUMMARY>
				<SECONDARY-SUMMARY>
					<NO-OF-DEFAULT-ACCOUNTS>0</NO-OF-DEFAULT-ACCOUNTS>
					<TOTAL-RESPONSES>0</TOTAL-RESPONSES>
					<NO-OF-CLOSED-ACCOUNTS>0</NO-OF-CLOSED-ACCOUNTS>
					<NO-OF-ACTIVE-ACCOUNTS>0</NO-OF-ACTIVE-ACCOUNTS>
					<NO-OF-OTHER-MFIS>0</NO-OF-OTHER-MFIS>
					<NO-OF-OWN-MFIS>0</NO-OF-OWN-MFIS>
				</SECONDARY-SUMMARY>
				<SUMMARY>
					<STATUS>SUCCESS</STATUS>
					<TOTAL-RESPONSES>0</TOTAL-RESPONSES>
					<NO-OF-OTHER-MFIS>0</NO-OF-OTHER-MFIS>
					<NO-OF-DEFAULT-ACCOUNTS>0</NO-OF-DEFAULT-ACCOUNTS>
					<OWN-MFI-INDECATOR>false</OWN-MFI-INDECATOR>
					<NO-OF-CLOSED-ACCOUNTS>0</NO-OF-CLOSED-ACCOUNTS>
					<NO-OF-ACTIVE-ACCOUNTS>0</NO-OF-ACTIVE-ACCOUNTS>
					<NO-OF-OWN-MFIS>0</NO-OF-OWN-MFIS>
				</SUMMARY>
				<GRP-RESPONSE-LIST></GRP-RESPONSE-LIST>
			</GRP-RESPONSES>
		</INDV-REPORT>
	</INDV-REPORTS>
</INDV-REPORT-FILE>